leg,tickLead,tickRace,distance,area
0,-4015.0,-4015.0,154.087,0.0
1,-3603.0,-3603.0,154.058,0.0
1,-3583.0,-3583.0,154.024,0.0
1,-3573.0,-3573.0,153.89,0.0
1,-3563.0,-3563.0,153.866,0.0
1,-3523.0,-3523.0,153.799,0.0
1,-3513.0,-3513.0,153.748,0.0
1,-3503.0,-3503.0,153.703,0.0
1,-3493.0,-3493.0,153.7,0.0
1,-3302.0,-3302.0,153.653,0.0
1,-3281.0,-3281.0,153.633,0.0
1,-3261.0,-3261.0,153.578,0.0
1,-3241.0,-3241.0,153.494,0.0
1,-3221.0,-3221.0,153.47,0.0
1,-3201.0,-3201.0,153.467,0.0
1,-3191.0,-3191.0,153.43,0.0
1,-3171.0,-3171.0,153.379,0.0
1,-3161.0,-3161.0,153.304,0.0
1,-3151.0,-3151.0,153.252,0.0
1,-3140.0,-3140.0,153.08,0.0
1,-3130.0,-3130.0,152.904,0.0
1,-3100.0,-3100.0,152.751,0.0
1,-3090.0,-3090.0,152.603,0.0
1,-3080.0,-3080.0,152.597,0.0
1,-2829.0,-2829.0,152.523,0.0
1,-2809.0,-2809.0,152.487,0.0
1,-2497.0,-2497.0,152.423,0.0
1,-2477.0,-2477.0,152.4,0.0
1,-2467.0,-2467.0,152.371,0.0
1,-2457.0,-2457.0,152.317,0.0
1,-2437.0,-2437.0,152.267,0.0
1,-2416.0,-2416.0,152.258,0.0
1,-2346.0,-2346.0,152.254,0.0
1,-2336.0,-2336.0,152.237,0.0
1,-2326.0,-2326.0,152.217,0.0
1,-2316.0,-2316.0,152.202,0.0
1,-2125.0,-2125.0,152.117,0.0
1,-2105.0,-2105.0,152.067,0.0
1,-2074.0,-2074.0,152.024,0.0
1,-2054.0,-2054.0,151.939,0.0
1,-2034.0,-2034.0,151.881,0.0
1,-1933.0,-1933.0,151.852,0.0
1,-1923.0,-1923.0,151.779,0.0
1,-1913.0,-1913.0,151.701,0.0
1,-1903.0,-1903.0,151.621,0.0
1,-1893.0,-1893.0,151.511,0.0
1,-1883.0,-1883.0,151.37,0.0
1,-1873.0,-1873.0,151.245,0.0
1,-1863.0,-1863.0,151.114,0.0
1,-1853.0,-1853.0,151.019,0.0
1,-1843.0,-1843.0,150.966,0.0
1,-1833.0,-1833.0,150.914,0.0
1,-1823.0,-1823.0,150.834,0.0
1,-1813.0,-1813.0,150.755,0.0
1,-1803.0,-1803.0,150.674,0.0
1,-1793.0,-1793.0,150.595,0.0
1,-1783.0,-1783.0,150.528,0.0
1,-1773.0,-1773.0,150.509,0.0
1,-1763.0,-1763.0,150.508,0.0
1,-1752.0,-1752.0,150.499,0.0
1,-1290.0,-1290.0,150.403,0.0
1,-1280.0,-1280.0,150.321,0.0
1,-1270.0,-1270.0,150.252,0.0
1,-1240.0,-1240.0,150.195,0.0
1,-1220.0,-1220.0,150.173,0.0
1,-1210.0,-1210.0,150.078,0.0
1,-1179.0,-1179.0,150.032,0.0
1,-1169.0,-1169.0,150.006,0.0
1,-1149.0,-1149.0,149.958,0.0
1,-1129.0,-1129.0,149.868,0.0
1,-1109.0,-1109.0,149.819,0.0
1,-1089.0,-1089.0,149.744,0.0
1,-1049.0,-1049.0,149.607,0.0
1,-1039.0,-1039.0,149.471,0.0
1,-1028.0,-1028.0,149.319,0.0
1,-1018.0,-1018.0,149.174,0.0
1,-1008.0,-1008.0,149.048,0.0
1,-998.0,-998.0,148.916,0.0
1,-988.0,-988.0,148.877,0.0
1,-978.0,-978.0,148.819,0.0
1,-968.0,-968.0,148.661,0.0
1,-958.0,-958.0,148.479,0.0
1,-948.0,-948.0,148.333,0.0
1,-938.0,-938.0,148.147,0.0
1,-928.0,-928.0,147.948,0.0
1,-918.0,-918.0,147.712,0.0
1,-908.0,-908.0,147.517,0.0
1,-898.0,-898.0,147.309,0.0
1,-888.0,-888.0,147.118,0.0
1,-878.0,-878.0,146.933,0.0
1,-858.0,-858.0,146.845,0.0
1,-807.0,-807.0,146.77,0.0
1,-797.0,-797.0,146.766,0.0
1,-43.0,-43.0,146.736,0.0
1,-33.0,-33.0,146.605,0.0
1,-28.0,-28.0,146.536,0.0
1,-27.0,-27.0,146.522,0.0
1,-17.0,-17.0,146.352,0.0
1,-7.0,-7.0,146.192,0.0
1,3.0,3.0,146.031,0.0
1,13.0,13.0,145.841,0.0
1,23.0,23.0,145.669,0.0
1,33.0,33.0,145.499,0.0
1,43.0,43.0,145.456,0.0
1,54.0,54.0,145.44,0.0
1,64.0,64.0,145.276,0.0
1,84.0,84.0,145.227,0.0
1,94.0,94.0,145.161,0.0
1,114.0,114.0,145.076,0.0
1,124.0,124.0,145.072,0.0
1,144.0,144.0,144.931,0.0
1,345.0,345.0,144.891,0.0
1,375.0,375.0,144.87,0.0
1,385.0,385.0,144.782,0.0
1,1109.0,1109.0,144.778,0.0
1,1140.0,1140.0,144.758,0.0
1,1150.0,1150.0,144.694,0.0
2,1220.0,1220.0,144.662,2.6238505952574864e-10
2,1230.0,1230.0,144.503,1.3135444155852908e-9
2,1240.0,1240.0,144.369,1.114881561272039e-9
2,1250.0,1250.0,144.245,1.0390726008075376e-9
2,1260.0,1260.0,144.171,6.246236377327083e-10
2,1300.0,1300.0,144.111,5.222866560129239e-10
2,1321.0,1321.0,144.077,3.0064530683046887e-10
2,1331.0,1331.0,144.001,6.768595206742669e-10
2,1341.0,1341.0,143.949,4.663865370831729e-10
2,1361.0,1361.0,143.869,7.278851585131662e-10
2,1371.0,1371.0,143.863,5.4976067454235633e-11
2,1381.0,1381.0,143.699,1.5127453378548153e-9
2,1391.0,1391.0,143.526,1.6054333198851032e-9
2,1401.0,1401.0,143.302,2.0907615244594834e-9
2,1411.0,1411.0,143.082,2.0648820373866366e-9
2,1421.0,1421.0,142.891,1.8028071738929108e-9
2,1431.0,1431.0,142.694,1.8699847029492037e-9
2,1441.0,1441.0,142.487,1.9758397342541596e-9
2,1451.0,1451.0,142.281,1.9770726074084385e-9
2,1461.0,1461.0,142.074,1.9974606459206273e-9
2,1471.0,1471.0,141.864,2.037287344743195e-9
2,1481.0,1481.0,141.659,1.999373889405943e-9
2,1491.0,1491.0,141.466,1.8923870737253964e-9
2,1501.0,1501.0,141.274,1.8926311150311665e-9
2,1512.0,1512.0,141.087,1.8543636695253445e-9
2,1522.0,1522.0,140.887,1.993657332143953e-9
2,1532.0,1532.0,140.699,1.883755243482955e-9
2,1542.0,1542.0,140.507,1.9337796529322968e-9
2,1552.0,1552.0,140.309,2.0043592151631682e-9
2,1562.0,1562.0,140.139,1.7297331121971848e-9
2,1572.0,1572.0,139.98,1.6262564586110817e-9
2,1582.0,1582.0,139.803,1.8196919305320213e-9
2,1592.0,1592.0,139.673,1.343469265496775e-9
2,1602.0,1602.0,139.546,1.3194957663834431e-9
2,1612.0,1612.0,139.392,1.6083858438311726e-9
2,1622.0,1622.0,139.218,1.8263903316708481e-9
2,1632.0,1632.0,139.058,1.687767773751924e-9
2,1642.0,1642.0,138.874,1.9504118614908323e-9
2,1652.0,1652.0,138.688,1.9809786567261504e-9
2,1663.0,1663.0,138.516,1.8416919505597596e-9
2,1673.0,1673.0,138.416,1.0761328383986531e-9
2,1683.0,1683.0,138.31,1.1466655048261259e-9
2,1693.0,1693.0,138.212,1.0656375716089064e-9
2,1703.0,1703.0,138.057,1.6938513822764168e-9
2,1713.0,1713.0,137.918,1.5262957899208194e-9
2,1723.0,1723.0,137.754,1.8093333305711913e-9
2,1733.0,1733.0,137.572,2.0170375208968847e-9
2,1743.0,1743.0,137.39,2.0259944635382874e-9
2,1753.0,1753.0,137.174,2.414771611398902e-9
2,1763.0,1763.0,136.955,2.458375448364095e-9
2,1773.0,1773.0,136.714,2.716115190783261e-9
2,1783.0,1783.0,136.48,2.6474950610140384e-9
2,1793.0,1793.0,136.281,2.260541274098619e-9
2,1803.0,1803.0,136.101,2.0532575918484974e-9
2,1813.0,1813.0,135.923,2.039021616312048e-9
2,1823.0,1823.0,135.756,1.921126713039343e-9
2,1833.0,1833.0,135.567,2.1832711729959503e-9
2,1843.0,1843.0,135.368,2.3080240210510903e-9
2,1853.0,1853.0,135.298,8.154624453868172e-10
2,1863.0,1863.0,135.268,3.512401321032703e-10
2,1873.0,1873.0,135.2,8.001278382110281e-10
2,1884.0,1884.0,135.189,1.301545647741985e-10
2,1894.0,1894.0,135.06,1.5336652649835755e-9
2,1904.0,1904.0,134.947,1.3493270043738347e-9
2,1914.0,1914.0,134.765,2.1822795952514534e-9
2,1924.0,1924.0,134.618,1.7696581830528846e-9
2,1934.0,1934.0,134.437,2.1876251765274357e-9
2,1944.0,1944.0,134.259,2.1596047061849673e-9
2,1954.0,1954.0,134.078,2.2043497144943687e-9
2,1964.0,1964.0,133.904,2.127125709854529e-9
2,1974.0,1974.0,133.716,2.3068553596216005e-9
2,1984.0,1984.0,133.544,2.1183654268721874e-9
2,1994.0,1994.0,133.361,2.262193521772117e-9
2,2004.0,2004.0,133.172,2.344808123342995e-9
2,2014.0,2014.0,132.961,2.6268631738888867e-9
2,2024.0,2024.0,132.772,2.3611012108325385e-9
2,2034.0,2034.0,132.578,2.432028004790864e-9
2,2044.0,2044.0,132.376,2.5409700281148865e-9
2,2054.0,2054.0,132.194,2.297255106687895e-9
2,2064.0,2064.0,132.014,2.2799481088520646e-9
2,2074.0,2074.0,131.851,2.071929362865626e-9
2,2084.0,2084.0,131.652,2.538242760246735e-9
2,2095.0,2095.0,131.479,2.2151286168308747e-9
2,2105.0,2105.0,131.305,2.2356152761167426e-9
2,2115.0,2115.0,131.121,2.3720937900244886e-9
2,2125.0,2125.0,130.917,2.63845796103781e-9
2,2135.0,2135.0,130.709,2.6986024897100863e-9
2,2145.0,2145.0,130.494,2.7979549532743016e-9
2,2155.0,2155.0,130.268,2.94982884476498e-9
2,2165.0,2165.0,130.047,2.8929849169114214e-9
2,2175.0,2175.0,129.856,2.5078451796699295e-9
2,2185.0,2185.0,129.74,1.5282845683663343e-9
2,2195.0,2195.0,129.72,2.645646011974248e-10
2,2205.0,2205.0,129.633,1.1556223255475707e-9
2,2215.0,2215.0,129.626,9.336893673407324e-11
2,2225.0,2225.0,129.576,6.697846171266992e-10
2,2235.0,2235.0,129.506,9.414767717019492e-10
2,2246.0,2246.0,129.461,6.079438822191647e-10
2,2256.0,2256.0,129.425,4.883677336512413e-10
2,2266.0,2266.0,129.392,4.4953493227393076e-10
2,2276.0,2276.0,129.341,6.975752429749617e-10
2,2296.0,2296.0,129.292,6.758474853204956e-10
2,2306.0,2306.0,129.272,2.7698366493523207e-10
2,2316.0,2316.0,129.192,1.1123088797825903e-9
2,2336.0,2336.0,129.128,8.970313999459949e-10
2,2346.0,2346.0,129.011,1.6457516299477483e-9
2,2366.0,2366.0,128.93,1.1481984054708753e-9
2,2386.0,2386.0,128.903,3.8580646988644695e-10
2,2396.0,2396.0,128.819,1.2047984323578821e-9
2,2417.0,2417.0,128.744,1.0844716163474135e-9
2,2427.0,2427.0,128.584,2.320991792125658e-9
2,2437.0,2437.0,128.381,2.9527205205628703e-9
2,2447.0,2447.0,128.179,2.9455817931608598e-9
2,2457.0,2457.0,127.982,2.879925104794004e-9
2,2467.0,2467.0,127.768,3.1361394551078367e-9
2,2477.0,2477.0,127.584,2.703210678607361e-9
2,2487.0,2487.0,127.395,2.783804958224328e-9
2,2497.0,2497.0,127.188,3.056434468627605e-9
2,2507.0,2507.0,126.974,3.167200283715514e-9
2,2517.0,2517.0,126.777,2.922496536734137e-9
2,2527.0,2527.0,126.571,3.063280339262609e-9
2,2537.0,2537.0,126.545,3.878021521746318e-10
2,2547.0,2547.0,126.431,1.7061213539590214e-9
2,2557.0,2557.0,126.428,4.505336149625364e-11
2,2567.0,2567.0,126.307,1.8233642242900628e-9
2,2577.0,2577.0,126.284,3.4774182407897807e-10
2,2587.0,2587.0,126.218,1.0013870890276997e-9
2,2607.0,2607.0,126.144,1.130820082256307e-9
2,2628.0,2628.0,126.092,8.006313217078623e-10
2,2648.0,2648.0,126.056,5.583066622913111e-10
2,2658.0,2658.0,126.007,7.625300418494011e-10
2,2668.0,2668.0,125.997,1.5616728518517236e-10
2,2678.0,2678.0,125.981,2.5077831552739684e-10
2,2688.0,2688.0,125.921,9.436456265399665e-10
2,2698.0,2698.0,125.841,1.2621730804538052e-9
2,2718.0,2718.0,125.776,1.0325226564835025e-9
2,2728.0,2728.0,125.59,2.9625155970224923e-9
2,2738.0,2738.0,125.383,3.3039053130102492e-9
2,2748.0,2748.0,125.177,3.2945225930410403e-9
2,2758.0,2758.0,124.963,3.4291618362794017e-9
2,2768.0,2768.0,124.749,3.43570663192339e-9
2,2778.0,2778.0,124.544,3.297562133987282e-9
2,2789.0,2789.0,124.33,3.4501550814020393e-9
2,2799.0,2799.0,124.092,3.843852467281496e-9
2,2809.0,2809.0,123.846,3.979483799099917e-9
2,2819.0,2819.0,123.612,3.79148404605239e-9
2,2829.0,2829.0,123.385,3.684234661381691e-9
2,2839.0,2839.0,123.154,3.755431143722204e-9
2,2849.0,2849.0,122.909,3.9893454904634375e-9
2,2859.0,2859.0,122.664,3.9953760001062905e-9
2,2869.0,2869.0,122.415,4.066612544343875e-9
2,2879.0,2879.0,122.169,4.02347786419141e-9
2,2889.0,2889.0,121.929,3.931151722193046e-9
2,2899.0,2899.0,121.701,3.74033609760418e-9
2,2909.0,2909.0,121.488,3.4999678307200987e-9
2,2919.0,2919.0,121.265,3.67028986788523e-9
2,2929.0,2929.0,121.007,4.252448896322569e-9
2,2939.0,2939.0,120.777,3.7962235697896136e-9
2,2949.0,2949.0,120.54,3.917489465039257e-9
2,2959.0,2959.0,120.308,3.840367585482925e-9
2,2969.0,2969.0,120.089,3.630614661509638e-9
2,2979.0,2979.0,119.856,3.868431667048249e-9
2,2989.0,2989.0,119.621,3.907098744466421e-9
2,2999.0,2999.0,119.371,4.161947898027444e-9
2,3009.0,3009.0,119.125,4.100484696909698e-9
2,3019.0,3019.0,118.899,3.772151287962739e-9
2,3029.0,3029.0,118.662,3.961134281538689e-9
2,3039.0,3039.0,118.442,3.6820447517635864e-9
2,3050.0,3050.0,118.219,3.73876526062888e-9
2,3060.0,3060.0,117.991,3.827818650497161e-9
2,3070.0,3070.0,117.766,3.782529215645893e-9
2,3080.0,3080.0,117.542,3.7707889734727976e-9
2,3090.0,3090.0,117.32,3.742148432158395e-9
2,3100.0,3100.0,117.087,3.932647247537227e-9
2,3110.0,3110.0,116.922,2.789161713152811e-9
2,3120.0,3120.0,116.809,1.9140186082808265e-9
2,3130.0,3130.0,116.613,3.326128287648774e-9
2,3140.0,3140.0,116.455,2.6857537172556205e-9
2,3150.0,3150.0,116.328,2.1630289728500925e-9
2,3160.0,3160.0,116.196,2.2528153684557584e-9
2,3180.0,3180.0,116.187,1.5447947488513616e-10
2,3190.0,3190.0,116.174,2.2381751691743992e-10
2,3271.0,3271.0,116.093,1.4293871535082937e-9
2,3281.0,3281.0,116.019,1.3089779923002237e-9
2,3291.0,3291.0,115.976,7.625560374728755e-10
2,3301.0,3301.0,115.929,8.356997950900895e-10
2,3321.0,3321.0,115.853,1.3588107526615916e-9
2,3351.0,3351.0,115.811,7.573193789048554e-10
2,3361.0,3361.0,115.801,1.8081163373178958e-10
2,3371.0,3371.0,115.721,1.4502330759307747e-9
2,3381.0,3381.0,115.556,2.996804148935626e-9
2,3401.0,3401.0,115.47,1.5695051424456527e-9
2,3462.0,3462.0,115.384,1.5964661690999897e-9
2,3472.0,3472.0,115.272,2.083335894419529e-9
2,3482.0,3482.0,115.152,2.2363229735001715e-9
2,3492.0,3492.0,115.045,1.997811336712385e-9
2,3502.0,3502.0,114.977,1.2723049907310355e-9
2,3512.0,3512.0,114.741,4.42240322196878e-9
2,3522.0,3522.0,114.497,4.575753175643759e-9
2,3532.0,3532.0,114.241,4.803920158032926e-9
2,3542.0,3542.0,114.009,4.3565643068352695e-9
2,3552.0,3552.0,113.773,4.435076986971534e-9
2,3562.0,3562.0,113.541,4.363197636006364e-9
2,3572.0,3572.0,113.311,4.328911425882494e-9
2,3582.0,3582.0,113.066,4.6144587406666836e-9
2,3592.0,3592.0,112.84,4.259605057431406e-9
2,3602.0,3602.0,112.605,4.432502401920409e-9
2,3612.0,3612.0,112.383,4.190413423156905e-9
2,3622.0,3622.0,112.154,4.32582200165112e-9
2,3633.0,3633.0,111.922,4.386776689608249e-9
2,3643.0,3643.0,111.69,4.389742678522992e-9
2,3653.0,3653.0,111.447,4.600704467857392e-9
2,3663.0,3663.0,111.201,4.660018331602341e-9
2,3673.0,3673.0,110.964,4.492020363833659e-9
2,3683.0,3683.0,110.714,4.740903583772629e-9
2,3693.0,3693.0,110.462,4.7809549230591365e-9
2,3703.0,3703.0,110.214,4.7071419715040375e-9
2,3713.0,3713.0,109.983,4.386772658179733e-9
2,3723.0,3723.0,109.745,4.522225317411036e-9
2,3733.0,3733.0,109.505,4.562528966583486e-9
2,3743.0,3743.0,109.286,4.165721159574005e-9
2,3753.0,3753.0,109.093,3.6740371842581067e-9
2,3763.0,3763.0,108.893,3.810567133144413e-9
2,3773.0,3773.0,108.696,3.7565291968652185e-9
2,3783.0,3783.0,108.506,3.6261900610498516e-9
2,3793.0,3793.0,108.279,4.335455468292209e-9
2,3803.0,3803.0,108.066,4.070517183770515e-9
2,3813.0,3813.0,107.849,4.149599233484491e-9
2,3823.0,3823.0,107.646,3.884492926208141e-9
2,3834.0,3834.0,107.465,3.4672894939641526e-9
2,3844.0,3844.0,107.276,3.6237393784611883e-9
2,3854.0,3854.0,107.058,4.182693813547078e-9
2,3864.0,3864.0,106.826,4.453487126332189e-9
2,3874.0,3874.0,106.567,4.973204873091632e-9
2,3884.0,3884.0,106.302,5.0890218575115374e-9
2,3894.0,3894.0,106.027,5.281226045506845e-9
2,3904.0,3904.0,105.747,5.3769658852383695e-9
2,3914.0,3914.0,105.453,5.644933975026313e-9
2,3924.0,3924.0,105.177,5.29852648560752e-9
2,3934.0,3934.0,104.905,5.221423313537609e-9
2,3944.0,3944.0,104.653,4.837695099274892e-9
2,3954.0,3954.0,104.401,4.838296603029389e-9
2,3964.0,3964.0,104.152,4.781302656773181e-9
2,3975.0,3975.0,103.907,4.7063749648902474e-9
2,3985.0,3985.0,103.667,4.61115077369064e-9
2,3995.0,3995.0,103.416,4.823160944018176e-9
2,4005.0,4005.0,103.175,4.631564984097315e-9
2,4015.0,4015.0,102.921,4.881863478253719e-9
2,4025.0,4025.0,102.666,4.9011558803200485e-9
2,4035.0,4035.0,102.416,4.805160439339099e-9
2,4045.0,4045.0,102.192,4.306118287714321e-9
2,4055.0,4055.0,101.97,4.2688957147795006e-9
2,4065.0,4065.0,101.751,4.212474308218787e-9
2,4075.0,4075.0,101.528,4.290637189929021e-9
2,4085.0,4085.0,101.345,3.522607075284157e-9
2,4095.0,4095.0,101.141,3.928944334828909e-9
2,4105.0,4105.0,100.987,2.9679539764787784e-9
2,4115.0,4115.0,100.899,1.6980697137998643e-9
2,4125.0,4125.0,100.852,9.085196143739813e-10
2,4135.0,4135.0,100.696,3.0197807075162076e-9
2,4145.0,4145.0,100.622,1.4342856815999274e-9
2,4156.0,4156.0,100.527,1.8446493495925642e-9
2,4166.0,4166.0,100.376,2.9354820959858746e-9
2,4176.0,4176.0,100.348,5.451482538357049e-10
2,4196.0,4196.0,100.168,3.5176596583094457e-9
2,4206.0,4206.0,100.054,2.2298862826189188e-9
2,4216.0,4216.0,100.038,3.1350690534326796e-10
2,4276.0,4276.0,99.978,1.1919292727423156e-9
2,4296.0,4296.0,99.937,8.178813623683225e-10
2,4306.0,4306.0,99.923,2.798496353101966e-10
2,4316.0,4316.0,99.841,1.6421367295018038e-9
2,4336.0,4336.0,99.76,1.628297687992094e-9
2,4357.0,4357.0,99.692,1.372561046024851e-9
2,4377.0,4377.0,99.609,1.6817479920779538e-9
2,4397.0,4397.0,99.569,8.136818433643466e-10
2,4417.0,4417.0,99.469,2.0420209782492836e-9
2,4427.0,4427.0,99.441,5.726918092035841e-10
2,4437.0,4437.0,99.403,7.78721772308641e-10
2,4447.0,4447.0,99.248,3.180433975859812e-9
2,4467.0,4467.0,99.103,2.9841122130181274e-9
2,4487.0,4487.0,99.041,1.2803405078706534e-9
2,4497.0,4497.0,98.961,1.65454754925688e-9
2,4507.0,4507.0,98.942,3.936319464809407e-10
2,4517.0,4517.0,98.871,1.4735336900492622e-9
2,4527.0,4527.0,98.83,8.523147774304211e-10
2,4537.0,4537.0,98.821,1.8745934952658873e-10
2,4547.0,4547.0,98.759,1.2937680617488615e-9
2,4558.0,4558.0,98.679,1.672213987963864e-9
2,4578.0,4578.0,98.526,3.2083514971575924e-9
2,4588.0,4588.0,98.522,8.399476760193545e-11
2,4598.0,4598.0,98.4,2.565782487679787e-9
2,4608.0,4608.0,98.19,4.418653930215781e-9
2,4618.0,4618.0,98.026,3.4516678368668196e-9
2,4638.0,4638.0,97.865,3.397566021081099e-9
2,4658.0,4658.0,97.703,3.4277496424057137e-9
2,4668.0,4668.0,97.691,2.542260900207061e-10
2,4678.0,4678.0,97.639,1.1036447767208177e-9
2,4688.0,4688.0,97.475,3.4843091749512337e-9
2,4698.0,4698.0,97.448,5.742971545465902e-10
2,4708.0,4708.0,97.29,3.364658933901051e-9
2,4728.0,4728.0,97.133,3.3521354698599656e-9
2,4738.0,4738.0,96.899,4.996674685144963e-9
2,4748.0,4748.0,96.653,5.250979003621474e-9
2,4759.0,4759.0,96.396,5.484198750494153e-9
2,4769.0,4769.0,96.143,5.395893341076023e-9
2,4779.0,4779.0,95.885,5.4994352901452654e-9
2,4789.0,4789.0,95.632,5.38976077498605e-9
2,4799.0,4799.0,95.376,5.450534256268715e-9
2,4809.0,4809.0,95.122,5.404751306801303e-9
2,4819.0,4819.0,94.902,4.679342820902454e-9
2,4829.0,4829.0,94.673,4.8693450832925105e-9
2,4839.0,4839.0,94.443,4.888870490842199e-9
2,4849.0,4849.0,94.201,5.1417072722821306e-9
2,4859.0,4859.0,93.955,5.223924349530166e-9
2,4869.0,4869.0,93.702,5.3693518746650796e-9
2,4879.0,4879.0,93.456,5.217604089618688e-9
2,4889.0,4889.0,93.208,5.25689239226096e-9
2,4899.0,4899.0,92.989,4.640032630645534e-9
2,4909.0,4909.0,92.736,5.357728736260583e-9
2,4919.0,4919.0,92.49,5.206078098407967e-9
2,4929.0,4929.0,92.244,5.202805136257583e-9
2,4939.0,4939.0,92.0,5.157259770168479e-9
2,4949.0,4949.0,91.756,5.154014188238072e-9
2,4960.0,4960.0,91.516,5.067407600390673e-9
2,4970.0,4970.0,91.267,5.2539790649297045e-9
2,4980.0,4980.0,91.046,4.660538017740992e-9
2,4990.0,4990.0,90.871,3.689849738649073e-9
2,5000.0,5000.0,90.725,3.0791152118537903e-9
2,5010.0,5010.0,90.521,4.3026213217341e-9
2,5020.0,5020.0,90.328,4.069808166269424e-9
2,5030.0,5030.0,90.086,5.1009420247525686e-9
2,5040.0,5040.0,89.825,5.4969977896410125e-9
2,5050.0,5050.0,89.545,5.8910948969970234e-9
2,5060.0,5060.0,89.309,4.960871505678693e-9
2,5070.0,5070.0,89.052,5.398060930194301e-9
2,5080.0,5080.0,88.823,4.8063003720939925e-9
2,5090.0,5090.0,88.596,4.761464685643157e-9
2,5100.0,5100.0,88.421,3.669610772913306e-9
2,5110.0,5110.0,88.302,2.496075617457615e-9
2,5120.0,5120.0,88.153,3.1267056570929572e-9
2,5130.0,5130.0,87.981,3.609822196852412e-9
2,5151.0,5151.0,87.953,5.89381037743278e-10
2,5161.0,5161.0,87.77,3.854875523180871e-9
2,5171.0,5171.0,87.58,4.0015726860577015e-9
2,5181.0,5181.0,87.353,4.778680498172542e-9
2,5191.0,5191.0,87.158,4.103035253355823e-9
2,5201.0,5201.0,86.95,4.374875682668073e-9
2,5211.0,5211.0,86.763,3.931803467140641e-9
2,5221.0,5221.0,86.559,4.287798356654619e-9
2,5231.0,5231.0,86.367,4.034066430078377e-9
2,5241.0,5241.0,86.129,4.997662756721247e-9
2,5251.0,5251.0,85.906,4.67908025451378e-9
2,5261.0,5261.0,85.703,4.256975996451032e-9
2,5271.0,5271.0,85.5,4.254977086929386e-9
2,5281.0,5281.0,85.29,4.399412675946804e-9
2,5291.0,5291.0,85.061,4.794184376100671e-9
2,5301.0,5301.0,84.828,4.8738907075517655e-9
2,5311.0,5311.0,84.714,2.3842690199454237e-9
2,5422.0,5422.0,84.624,1.919345902460008e-9
2,5442.0,5442.0,84.614,2.1392090283616507e-10
2,5452.0,5452.0,84.545,1.478076281742462e-9
2,5462.0,5462.0,84.499,9.865204427886685e-10
2,5472.0,5472.0,84.474,5.369084180081134e-10
2,5482.0,5482.0,84.385,1.913595107311189e-9
2,5503.0,5503.0,84.28,2.2636568041667315e-9
2,5523.0,5523.0,84.147,2.8736587792697105e-9
2,5533.0,5533.0,84.08,1.448531601001398e-9
2,5543.0,5543.0,84.06,4.3295495903286907e-10
2,5553.0,5553.0,84.026,7.371144650300885e-10
2,5563.0,5563.0,83.92,2.3002836411476957e-9
2,5573.0,5573.0,83.895,5.430710224617069e-10
2,5583.0,5583.0,83.808,1.892014729867095e-9
2,5603.0,5603.0,83.672,2.964280411333677e-9
2,5623.0,5623.0,83.566,2.3152917006004706e-9
2,5633.0,5633.0,83.516,1.0930404190338276e-9
2,5643.0,5643.0,83.407,2.3847866434398144e-9
2,5663.0,5663.0,83.327,1.7545167505271844e-9
2,5673.0,5673.0,83.313,3.074092116838512e-10
2,5683.0,5683.0,83.158,3.4060007843061374e-9
2,5693.0,5693.0,83.045,2.483449235588072e-9
2,5703.0,5703.0,82.874,3.758308312765186e-9
2,5713.0,5713.0,82.7,3.822983416772344e-9
2,5723.0,5723.0,82.494,4.523577514227082e-9
2,5733.0,5733.0,82.299,4.279096831024244e-9
2,5743.0,5743.0,82.09,4.583050651273899e-9
2,5754.0,5754.0,81.896,4.251822845137731e-9
2,5764.0,5764.0,81.702,4.249134646250722e-9
2,5774.0,5774.0,81.51,4.202685541984453e-9
2,5784.0,5784.0,81.321,4.1345093608066625e-9
2,5794.0,5794.0,81.137,4.022853501158903e-9
2,5804.0,5804.0,80.923,4.6753466058364625e-9
2,5814.0,5814.0,80.716,4.518438014954351e-9
2,5824.0,5824.0,80.557,3.468781596873741e-9
2,5834.0,5834.0,80.519,8.294260260158117e-10
2,5844.0,5844.0,80.512,1.5300814085233425e-10
2,5854.0,5854.0,80.316,4.286148875038553e-9
2,5864.0,5864.0,80.105,4.61035573888813e-9
2,5874.0,5874.0,79.921,4.0173448752268824e-9
2,5904.0,5904.0,79.807,2.497060443590583e-9
2,5914.0,5914.0,79.795,2.6308597493948086e-10
2,5924.0,5924.0,79.679,2.5454216147912423e-9
2,5934.0,5934.0,79.665,3.074737847777031e-10
2,5944.0,5944.0,79.545,2.637710876832097e-9
2,5954.0,5954.0,79.478,1.4734668729064411e-9
2,5964.0,5964.0,79.334,3.167964038451887e-9
2,5995.0,5995.0,79.273,1.347218922590644e-9
2,6015.0,6015.0,79.108,3.6510640995137287e-9
2,6025.0,6025.0,79.049,1.3058529738063001e-9
2,6035.0,6035.0,78.992,1.2627538466645565e-9
2,6045.0,6045.0,78.806,4.1210467846822795e-9
2,6055.0,6055.0,78.633,3.8306226675509406e-9
2,6065.0,6065.0,78.421,4.690427949510795e-9
2,6075.0,6075.0,78.226,4.310223363426031e-9
2,6085.0,6085.0,77.999,5.01226211392522e-9
2,6095.0,6095.0,77.784,4.741644979056909e-9
2,6105.0,6105.0,77.573,4.648317139480347e-9
2,6115.0,6115.0,77.337,5.192598210402975e-9
2,6125.0,6125.0,77.088,5.4704096704531294e-9
2,6135.0,6135.0,76.844,5.3521725528055445e-9
2,6145.0,6145.0,76.571,5.977907074315047e-9
2,6155.0,6155.0,76.309,5.726335953447744e-9
2,6166.0,6166.0,76.069,5.237618141714917e-9
2,6176.0,6176.0,75.835,5.0990486527383695e-9
2,6186.0,6186.0,75.605,5.0046666306645916e-9
2,6196.0,6196.0,75.399,4.476760718881967e-9
2,6206.0,6206.0,75.187,4.6018136772788216e-9
2,6216.0,6216.0,74.987,4.33643210607167e-9
2,6226.0,6226.0,74.747,5.19681893490862e-9
2,6236.0,6236.0,74.494,5.469046036634895e-9
2,6246.0,6246.0,74.267,4.8990709290154205e-9
2,6256.0,6256.0,73.997,5.81691902216283e-9
2,6266.0,6266.0,73.758,5.139575838269902e-9
2,6276.0,6276.0,73.547,4.530849949754229e-9
2,6286.0,6286.0,73.347,4.289485760292716e-9
2,6296.0,6296.0,73.13,4.6482629812986755e-9
2,6306.0,6306.0,72.917,4.556412255377794e-9
2,6316.0,6316.0,72.702,4.592989225448881e-9
2,6326.0,6326.0,72.465,5.05524532804036e-9
2,6337.0,6337.0,72.237,4.856125354317221e-9
2,6347.0,6347.0,71.996,5.124446680969175e-9
2,6357.0,6357.0,71.758,5.05179719515143e-9
2,6362.0,6362.0,71.638,2.5427797772031808e-9
3,6363.0,6363.0,71.202,9.204390914650283e-9
3,6373.0,6373.0,70.967,4.9455373993506275e-9
3,6383.0,6383.0,70.702,5.565989052063098e-9
3,6393.0,6393.0,70.44,5.491096347306635e-9
3,6403.0,6403.0,70.18,5.437518460943456e-9
3,6413.0,6413.0,69.925,5.321717981235548e-9
3,6423.0,6423.0,69.653,5.663965484641103e-9
3,6433.0,6433.0,69.381,5.650674279054284e-9
3,6443.0,6443.0,69.096,5.906190336676575e-9
3,6453.0,6453.0,68.844,5.2101380246529834e-9
3,6463.0,6463.0,68.594,5.157957891350277e-9
3,6473.0,6473.0,68.332,5.3937351919549085e-9
3,6483.0,6483.0,68.09,4.971330091149962e-9
3,6493.0,6493.0,67.883,4.24487815685595e-9
3,6513.0,6513.0,67.793,1.847240407046243e-9
3,6523.0,6523.0,67.772,4.313313778553028e-10
3,6543.0,6543.0,67.754,3.7073948893470465e-10
3,6564.0,6564.0,67.722,6.609638649247435e-10
3,6604.0,6604.0,67.691,6.439111111498103e-10
3,6624.0,6624.0,67.571,2.497319886548415e-9
3,6634.0,6634.0,67.475,1.9976768019080036e-9
3,6644.0,6644.0,67.429,9.576550066486863e-10
3,6674.0,6674.0,67.398,6.479202722659053e-10
3,6684.0,6684.0,67.372,5.44001151031044e-10
3,6694.0,6694.0,67.271,2.1144024945676187e-9
3,6724.0,6724.0,67.186,1.7849532609774127e-9
3,6775.0,6775.0,67.129,1.2047736841744747e-9
3,6785.0,6785.0,67.04,1.8818666356687783e-9
3,6815.0,6815.0,66.968,1.5273053859315576e-9
3,6825.0,6825.0,66.867,2.142843893630754e-9
3,6835.0,6835.0,66.8,1.4217862948475825e-9
3,6845.0,6845.0,66.677,2.6102481819092473e-9
3,6855.0,6855.0,66.603,1.5703662899338862e-9
3,6865.0,6865.0,66.559,9.342655358434153e-10
3,6875.0,6875.0,66.483,1.6146256996416698e-9
3,6885.0,6885.0,66.342,2.995019696773084e-9
3,6895.0,6895.0,66.2,3.014206038580207e-9
3,6905.0,6905.0,66.041,3.3722808238831756e-9
3,6915.0,6915.0,65.858,3.876873032905734e-9
3,6925.0,6925.0,65.81,1.0165717927063392e-9
3,6935.0,6935.0,65.696,2.414869608522283e-9
3,6945.0,6945.0,65.647,1.038178577057243e-9
3,6955.0,6955.0,65.508,2.945056204317733e-9
3,6976.0,6976.0,65.4,2.2908318693702863e-9
3,6996.0,6996.0,65.273,2.6967220399147203e-9
3,7006.0,7006.0,65.169,2.2075864631684473e-9
3,7036.0,7036.0,65.128,8.730535951137559e-10
3,7046.0,7046.0,65.037,1.9385412864987384e-9
3,7056.0,7056.0,65.004,7.033145685805112e-10
3,7066.0,7066.0,64.985,4.0535042981102873e-10
3,7076.0,7076.0,64.876,2.326429338468464e-9
3,7096.0,7096.0,64.691,3.950722624737148e-9
3,7106.0,7106.0,64.498,4.115331739905702e-9
3,7116.0,7116.0,64.319,3.81117553676973e-9
3,7126.0,7126.0,64.157,3.444923961475743e-9
3,7136.0,7136.0,64.007,3.186463548633243e-9
3,7146.0,7146.0,63.833,3.692120130016864e-9
3,7156.0,7156.0,63.647,3.941142445675669e-9
3,7166.0,7166.0,63.471,3.72385981879259e-9
3,7176.0,7176.0,63.314,3.3177736869849514e-9
3,7186.0,7186.0,63.155,3.3563343895554583e-9
3,7197.0,7197.0,62.983,3.626792352763633e-9
3,7207.0,7207.0,62.793,4.00039340828976e-9
3,7217.0,7217.0,62.631,3.4060354829741863e-9
3,7227.0,7227.0,62.464,3.506802264817582e-9
3,7247.0,7247.0,62.36,2.185176378268352e-9
3,7257.0,7257.0,62.208,3.191567278069548e-9
3,7267.0,7267.0,62.049,3.3348012035971873e-9
3,7277.0,7277.0,61.875,3.64463337079858e-9
3,7287.0,7287.0,61.681,4.057057290596589e-9
3,7297.0,7297.0,61.488,4.0290241609434385e-9
3,7307.0,7307.0,61.304,3.834632992000803e-9
3,7317.0,7317.0,61.099,4.264575222379317e-9
3,7327.0,7327.0,60.909,3.945162547590874e-9
3,7337.0,7337.0,60.71,4.1244859134785644e-9
3,7347.0,7347.0,60.498,4.3850443183028e-9
3,7358.0,7358.0,60.276,4.582294624155882e-9
3,7368.0,7368.0,60.06,4.448317122456281e-9
3,7378.0,7378.0,59.843,4.458874359825535e-9
3,7388.0,7388.0,59.628,4.407828073334063e-9
3,7398.0,7398.0,59.415,4.35707057336845e-9
3,7408.0,7408.0,59.198,4.428838042596035e-9
3,7418.0,7418.0,58.975,4.540532138065359e-9
3,7428.0,7428.0,58.753,4.509220125951742e-9
3,7438.0,7438.0,58.527,4.5791552876978844e-9
3,7448.0,7448.0,58.291,4.769339502866518e-9
3,7458.0,7458.0,58.061,4.635759200912769e-9
3,7468.0,7468.0,57.85,4.242366827800377e-9
3,7478.0,7478.0,57.696,3.0907074448005403e-9
3,7488.0,7488.0,57.522,3.486841589028763e-9
3,7498.0,7498.0,57.451,1.4216623085117873e-9
3,7508.0,7508.0,57.41,8.212540319065716e-10
3,7528.0,7528.0,57.351,1.1839210627959622e-9
3,7538.0,7538.0,57.153,3.969527204824372e-9
3,7548.0,7548.0,57.102,1.02158400206259e-9
3,7558.0,7558.0,57.093,1.8042357625656204e-10
3,7568.0,7568.0,57.031,1.2437886775706355e-9
3,7578.0,7578.0,56.929,2.0459923913142076e-9
3,7588.0,7588.0,56.845,1.6844046681515932e-9
3,7608.0,7608.0,56.816,5.824743099713035e-10
3,7619.0,7619.0,56.707,2.1898034314820444e-9
3,7639.0,7639.0,56.597,2.2114200272797873e-9
3,7669.0,7669.0,56.56,7.457936613336484e-10
3,7679.0,7679.0,56.462,1.9755614022198262e-9
3,7699.0,7699.0,56.422,8.074646195772173e-10
3,7709.0,7709.0,56.379,8.685128573226533e-10
3,7719.0,7719.0,56.221,3.189725566871636e-9
3,7729.0,7729.0,56.06,3.2452806199861713e-9
3,7739.0,7739.0,55.905,3.1195764296145414e-9
3,7749.0,7749.0,55.709,3.9374695284764e-9
3,7759.0,7759.0,55.491,4.368816801840752e-9
3,7769.0,7769.0,55.335,3.119810242452254e-9
3,7779.0,7779.0,55.149,3.713068026639137e-9
3,7789.0,7789.0,54.973,3.5064307238074228e-9
3,7799.0,7799.0,54.793,3.579118394788375e-9
3,7810.0,7810.0,54.614,3.5525972518031076e-9
3,7820.0,7820.0,54.428,3.6839209871234462e-9
3,7830.0,7830.0,54.256,3.39979416199197e-9
3,7840.0,7840.0,54.091,3.255470008261897e-9
3,7850.0,7850.0,53.944,2.8956646798430376e-9
3,7860.0,7860.0,53.782,3.1860669377432966e-9
3,7870.0,7870.0,53.595,3.6704930493925363e-9
3,7880.0,7880.0,53.396,3.8969366127488465e-9
3,7890.0,7890.0,53.201,3.809372111285565e-9
3,7900.0,7900.0,53.036,3.2165005856737384e-9
3,7910.0,7910.0,52.88,3.0357042163912765e-9
3,7920.0,7920.0,52.682,3.844986176448083e-9
3,7930.0,7930.0,52.486,3.79672965696238e-9
3,7940.0,7940.0,52.282,3.9416324466209475e-9
3,7950.0,7950.0,52.092,3.661928482069442e-9
3,7960.0,7960.0,51.917,3.3652616649805793e-9
3,7970.0,7970.0,51.747,3.262360922958393e-9
3,7980.0,7980.0,51.595,2.9115224462279884e-9
3,7990.0,7990.0,51.426,3.2311420120462345e-9
3,8000.0,8000.0,51.269,2.995958130691364e-9
3,8010.0,8010.0,51.046,4.244958890573801e-9
3,8020.0,8020.0,50.801,4.648207366934637e-9
3,8030.0,8030.0,50.604,3.725957886471974e-9
3,8040.0,8040.0,50.416,3.5466478020580474e-9
3,8050.0,8050.0,50.189,4.270100572891683e-9
3,8060.0,8060.0,49.97,4.106444310551038e-9
3,8070.0,8070.0,49.788,3.4032155531770663e-9
3,8081.0,8081.0,49.73,1.0834067594445614e-9
3,8091.0,8091.0,49.694,6.72655557285582e-10
3,8101.0,8101.0,49.593,1.8869013512961786e-9
3,8121.0,8121.0,49.541,9.723716431959892e-10
3,8141.0,8141.0,49.503,7.116825607452001e-10
3,8151.0,8151.0,49.493,1.8742405991210728e-10
3,8161.0,8161.0,49.414,1.481133822627954e-9
3,8171.0,8171.0,49.38,6.375019216414445e-10
3,8191.0,8191.0,49.297,1.5582163495293744e-9
3,8201.0,8201.0,49.295,3.7560839057333656e-11
3,8211.0,8211.0,49.192,1.9346793070014023e-9
3,8221.0,8221.0,49.127,1.2203158682098798e-9
3,8241.0,8241.0,48.959,3.154227552635459e-9
3,8251.0,8251.0,48.742,4.063143220307781e-9
3,8261.0,8261.0,48.49,4.701529689839077e-9
3,8271.0,8271.0,48.237,4.701355165257608e-9
3,8282.0,8282.0,47.96,5.1259377129425525e-9
3,8292.0,8292.0,47.695,4.882133427987792e-9
3,8302.0,8302.0,47.449,4.513319131583879e-9
3,8312.0,8312.0,47.167,5.151290330400909e-9
3,8322.0,8322.0,46.884,5.1448695267830425e-9
3,8332.0,8332.0,46.625,4.687046250167879e-9
3,8342.0,8342.0,46.367,4.648708140932636e-9
3,8352.0,8352.0,46.115,4.521109656055086e-9
3,8362.0,8362.0,45.864,4.484038877265361e-9
3,8372.0,8372.0,45.629,4.181015244698586e-9
3,8382.0,8382.0,45.389,4.252878616559948e-9
3,8392.0,8392.0,45.149,4.235497352085437e-9
3,8402.0,8402.0,44.928,3.884952073980035e-9
3,8412.0,8412.0,44.714,3.748188086255351e-9
3,8422.0,8422.0,44.531,3.1948246141229097e-9
3,8432.0,8432.0,44.346,3.2202420304435977e-9
3,8442.0,8442.0,44.134,3.6780965370932884e-9
3,8452.0,8452.0,43.975,2.75025957887124e-9
3,8462.0,8462.0,43.814,2.778022763598479e-9
3,8472.0,8472.0,43.633,3.114628390476345e-9
3,8482.0,8482.0,43.476,2.6943731977601565e-9
3,8492.0,8492.0,43.332,2.4656363786013614e-9
3,8502.0,8502.0,43.215,1.9996582619049682e-9
3,8512.0,8512.0,43.078,2.3373543124887035e-9
3,8522.0,8522.0,42.933,2.468654599675158e-9
3,8532.0,8532.0,42.741,3.2598522801515266e-9
3,8542.0,8542.0,42.508,3.940955966915236e-9
3,8552.0,8552.0,42.473,5.908188933955709e-10
3,8563.0,8563.0,42.374,1.6706844519410526e-9
3,8573.0,8573.0,42.373,1.6875395428589842e-11
3,8583.0,8583.0,42.295,1.3165877725737734e-9
3,8593.0,8593.0,42.289,1.0129338450740012e-10
3,8603.0,8603.0,42.201,1.485712256812464e-9
3,8613.0,8613.0,42.159,7.088218714913974e-10
3,8623.0,8623.0,42.139,3.376777565181756e-10
3,8633.0,8633.0,41.992,2.4798872045158273e-9
3,8643.0,8643.0,41.898,1.5830672412553166e-9
3,8663.0,8663.0,41.82,1.3139491634734854e-9
3,8683.0,8683.0,41.789,5.227346937055069e-10
3,8693.0,8693.0,41.762,4.554931991788718e-10
3,8703.0,8703.0,41.727,5.906947190590395e-10
3,8713.0,8713.0,41.657,1.1812594064630561e-9
3,8723.0,8723.0,41.585,1.2143326611485245e-9
3,8733.0,8733.0,41.497,1.4830297935565428e-9
3,8743.0,8743.0,41.333,2.7586003618614628e-9
3,8753.0,8753.0,41.154,3.0018726871242717e-9
3,8764.0,8764.0,40.93,3.742878246106974e-9
3,8774.0,8774.0,40.689,4.008692496556962e-9
3,8784.0,8784.0,40.454,3.890523569755486e-9
3,8794.0,8794.0,40.228,3.72450324280586e-9
3,8804.0,8804.0,39.986,3.9695600354452225e-9
3,8814.0,8814.0,39.76,3.689667193646498e-9
3,8824.0,8824.0,39.559,3.2676504166398234e-9
3,8834.0,8834.0,39.371,3.044767589393106e-9
3,8844.0,8844.0,39.185,3.0014964956112875e-9
3,8854.0,8854.0,38.982,3.2632909829844888e-9
3,8864.0,8864.0,38.721,4.175464949268336e-9
3,8874.0,8874.0,38.46,4.1520935886618045e-9
3,8884.0,8884.0,38.261,3.1504506587035864e-9
3,8894.0,8894.0,38.074,2.948894548655728e-9
3,8904.0,8904.0,37.852,3.485984465327526e-9
3,8914.0,8914.0,37.622,3.5941370575493896e-9
3,8924.0,8924.0,37.392,3.576238899680946e-9
3,8934.0,8934.0,37.158,3.61998069409412e-9
3,8944.0,8944.0,36.915,3.739338658034849e-9
3,8954.0,8954.0,36.663,3.8562253966963645e-9
3,8964.0,8964.0,36.432,3.515590637679912e-9
3,8974.0,8974.0,36.224,3.150051729646295e-9
3,8984.0,8984.0,35.996,3.4360452569527588e-9
3,8994.0,8994.0,35.76,3.5376910954052987e-9
3,9004.0,9004.0,35.509,3.741163374078562e-9
3,9015.0,9015.0,35.217,4.324386274585881e-9
3,9025.0,9025.0,34.975,3.5607951903661468e-9
3,9035.0,9035.0,34.944,4.548643078186888e-10
3,9055.0,9055.0,34.824,1.7608516767412362e-9
3,9075.0,9075.0,34.778,6.748744485229358e-10
3,9095.0,9095.0,34.684,1.3793505161245393e-9
3,9115.0,9115.0,34.562,1.7885784596660595e-9
3,9135.0,9135.0,34.507,8.060300076727586e-10
3,9145.0,9145.0,34.489,2.638012988336405e-10
3,9155.0,9155.0,34.441,7.03565711067164e-10
3,9165.0,9165.0,34.44,1.466319850173477e-11
3,9175.0,9175.0,34.262,2.6061070817445277e-9
3,9185.0,9185.0,34.071,2.7844525198839816e-9
3,9195.0,9195.0,33.885,2.6995370136782456e-9
3,9205.0,9205.0,33.729,2.2551831684158953e-9
3,9245.0,9245.0,33.613,1.6774427858210175e-9
3,9256.0,9256.0,33.412,2.8963632412731576e-9
3,9266.0,9266.0,33.199,3.053617627048947e-9
3,9276.0,9276.0,32.954,3.491991431232977e-9
3,9286.0,9286.0,32.672,3.9916322506643084e-9
3,9296.0,9296.0,32.407,3.7237426671293192e-9
3,9306.0,9306.0,32.16,3.4472073780051473e-9
3,9316.0,9316.0,31.911,3.452129907851017e-9
3,9326.0,9326.0,31.676,3.236893497089253e-9
3,9336.0,9336.0,31.445,3.161866247610242e-9
3,9346.0,9346.0,31.216,3.114980853201256e-9
3,9356.0,9356.0,30.957,3.4993598281588855e-9
3,9366.0,9366.0,30.719,3.193332281542667e-9
3,9376.0,9376.0,30.465,3.3844334800577333e-9
3,9386.0,9386.0,30.22,3.241341514117041e-9
3,9396.0,9396.0,29.946,3.5978372286123577e-9
3,9406.0,9406.0,29.701,3.192687891324425e-9
3,9416.0,9416.0,29.46,3.1182849577730084e-9
3,9426.0,9426.0,29.253,2.6609018384897325e-9
3,9436.0,9436.0,29.025,2.91222026331932e-9
3,9446.0,9446.0,28.786,3.031468954772929e-9
3,9456.0,9456.0,28.537,3.1349637457806547e-9
3,9466.0,9466.0,28.298,2.9866000391696072e-9
3,9476.0,9476.0,28.078,2.7298500525308646e-9
3,9487.0,9487.0,27.85,2.8098933581150318e-9
3,9497.0,9497.0,27.617,2.8508465217271773e-9
3,9507.0,9507.0,27.393,2.7210088746106522e-9
3,9517.0,9517.0,27.177,2.6055809796963005e-9
3,9527.0,9527.0,26.963,2.563805005154334e-9
3,9537.0,9537.0,26.727,2.8068163043633878e-9
3,9547.0,9547.0,26.488,2.820302491374711e-9
3,9557.0,9557.0,26.252,2.762934030005416e-9
3,9567.0,9567.0,26.065,2.173987356289566e-9
3,9577.0,9577.0,25.867,2.28731789197732e-9
3,9587.0,9587.0,25.761,1.218626716330315e-9
3,9597.0,9597.0,25.756,5.741863513406661e-11
3,9607.0,9607.0,25.59,1.9019508784726005e-9
3,9637.0,9637.0,25.568,2.519271063915251e-10
3,9657.0,9657.0,25.447,1.384593516831879e-9
3,9677.0,9677.0,25.377,7.996582541574939e-10
3,9687.0,9687.0,25.326,5.818217246638139e-10
3,9707.0,9707.0,25.202,1.4126534165261047e-9
3,9728.0,9728.0,25.183,2.1630931739839098e-10
3,9738.0,9738.0,25.127,6.372486375142578e-10
3,9758.0,9758.0,24.957,1.9297699664636644e-9
3,9768.0,9768.0,24.756,2.267088539096006e-9
3,9778.0,9778.0,24.551,2.2956690252387147e-9
3,9788.0,9788.0,24.35,2.234624517897037e-9
3,9798.0,9798.0,24.143,2.2844603992038117e-9
3,9808.0,9808.0,23.924,2.3981060816613224e-9
3,9818.0,9818.0,23.706,2.3678648133604786e-9
3,9828.0,9828.0,23.499,2.2305928012684843e-9
3,9838.0,9838.0,23.273,2.4154497076712154e-9
3,9848.0,9848.0,23.041,2.4577919484515442e-9
3,9858.0,9858.0,22.774,2.800944910542494e-9
3,9868.0,9868.0,22.537,2.4613758485336838e-9
3,9878.0,9878.0,22.308,2.3562172630326957e-9
3,9888.0,9888.0,22.123,1.8878308338709222e-9
3,9898.0,9898.0,21.915,2.1058875284589414e-9
3,9908.0,9908.0,21.707,2.088101990348863e-9
3,9918.0,9918.0,21.498,2.0801813606388804e-9
3,9928.0,9928.0,21.287,2.081769115375162e-9
3,9938.0,9938.0,21.06,2.2189335646875954e-9
3,9948.0,9948.0,20.845,2.0817898298538566e-9
3,9958.0,9958.0,20.619,2.1674473562021167e-9
3,9968.0,9968.0,20.401,2.0704129718334507e-9
3,9979.0,9979.0,20.218,1.7229161450681472e-9
3,9989.0,9989.0,20.102,1.085168870202609e-9
3,9999.0,9999.0,20.008,8.756567202113949e-10
3,10009.0,10009.0,19.846,1.500978326662452e-9
3,10019.0,10019.0,19.672,1.6001672691579327e-9
3,10029.0,10029.0,19.519,1.3967935093601835e-9
3,10039.0,10039.0,19.346,1.5678049469165571e-9
3,10049.0,10049.0,19.159,1.6806542634208602e-9
3,10059.0,10059.0,18.968,1.7014438089072885e-9
3,10069.0,10069.0,18.766,1.7826552251109465e-9
3,10079.0,10079.0,18.531,2.0518991382062864e-9
3,10089.0,10089.0,18.268,2.267966778200614e-9
3,10099.0,10099.0,18.004,2.246211275078553e-9
3,10109.0,10109.0,17.756,2.082352211854578e-9
3,10119.0,10119.0,17.532,1.8578449233285523e-9
3,10129.0,10129.0,17.323,1.713857642159086e-9
3,10139.0,10139.0,17.138,1.50138311824112e-9
3,10149.0,10149.0,16.956,1.4627476139464715e-9
3,10159.0,10159.0,16.778,1.416888267905709e-9
3,10169.0,10169.0,16.579,1.5678882654731929e-9
3,10179.0,10179.0,16.418,1.2560364657935479e-9
3,10190.0,10190.0,16.258,1.2374277614240147e-9
3,10200.0,10200.0,16.106,1.1654744394553911e-9
3,10210.0,10210.0,15.935,1.2993457058563667e-9
3,10220.0,10220.0,15.787,1.1144740819119421e-9
3,10230.0,10230.0,15.733,4.044384184317104e-10
3,10240.0,10240.0,15.624,8.129386306679702e-10
3,10250.0,10250.0,15.492,9.778637806053641e-10
3,10260.0,10260.0,15.33,1.1899261053967162e-9
3,10270.0,10270.0,15.16,1.2364415485810368e-9
3,10280.0,10280.0,14.989,1.231002508357768e-9
3,10290.0,10290.0,14.819,1.2111388483662193e-9
3,10300.0,10300.0,14.611,1.4644940879697495e-9
3,10310.0,10310.0,14.381,1.596840277296119e-9
3,10320.0,10320.0,14.149,1.586595634097351e-9
3,10330.0,10330.0,13.91,1.609041378179799e-9
3,10340.0,10340.0,13.649,1.7275129113177944e-9
3,10350.0,10350.0,13.448,1.3093459812913318e-9
3,10360.0,10360.0,13.199,1.5966297803598998e-9
3,10370.0,10370.0,12.97,1.4434381083714757e-9
3,10380.0,10380.0,12.835,8.399081326477196e-10
3,10390.0,10390.0,12.723,6.908078071232592e-10
3,10400.0,10400.0,12.624,6.061664560515753e-10
3,10410.0,10410.0,12.59,2.0728515283390283e-10
3,10420.0,10420.0,12.522,4.1328984604937204e-10
3,10430.0,10430.0,12.417,6.343799432856819e-10
3,10440.0,10440.0,12.336,4.861946329744266e-10
3,10450.0,10450.0,12.241,5.667161201589299e-10
3,10460.0,10460.0,12.192,2.90871627287747e-10
3,10471.0,10471.0,12.051,8.313625071733563e-10
3,10481.0,10481.0,11.992,3.453346766898345e-10
3,10491.0,10491.0,11.907,4.950081427738827e-10
3,10501.0,10501.0,11.734,9.975608707728383e-10
3,10511.0,10511.0,11.544,1.0797919910681642e-9
3,10521.0,10521.0,11.347,1.1020081672224674e-9
3,10531.0,10531.0,11.161,1.0240384521956366e-9
3,10541.0,10541.0,10.968,1.0456773768087787e-9
3,10551.0,10551.0,10.781,9.967157566472564e-10
3,10561.0,10561.0,10.574,1.084355695447052e-9
3,10571.0,10571.0,10.348,1.1609793918135408e-9
3,10581.0,10581.0,10.074,1.375220539533909e-9
3,10591.0,10591.0,9.808,1.3009945437536826e-9
3,10601.0,10601.0,9.557,1.1968365907485607e-9
3,10611.0,10611.0,9.295,1.2173398471204435e-9
3,10621.0,10621.0,9.017,1.255864503543432e-9
3,10631.0,10631.0,8.72,1.300791033256324e-9
3,10641.0,10641.0,8.439,1.191729084012799e-9
3,10651.0,10651.0,8.13,1.2666072311003859e-9
3,10661.0,10661.0,7.822,1.2166358287391824e-9
3,10671.0,10671.0,7.511,1.1819237120283207e-9
3,10681.0,10681.0,7.201,1.1314676101437164e-9
3,10691.0,10691.0,6.893,1.0779537166592088e-9
3,10701.0,10701.0,6.577,1.0579760670620922e-9
3,10711.0,10711.0,6.264,9.999309337588682e-10
3,10721.0,10721.0,5.948,9.609614709644319e-10
3,10732.0,10732.0,5.637,8.981190166911573e-10
3,10742.0,10742.0,5.33,8.400558645415465e-10
3,10752.0,10752.0,5.039,7.535566733528933e-10
3,10762.0,10762.0,4.732,7.49837537051417e-10
3,10772.0,10772.0,4.428,6.967262975698818e-10
3,10782.0,10782.0,4.133,6.324739483118758e-10
3,10792.0,10792.0,3.798,6.659958065277888e-10
3,10802.0,10802.0,3.465,6.068219079900751e-10
3,10812.0,10812.0,3.126,5.611175443520177e-10
3,10822.0,10822.0,2.82,4.5735208361382444e-10
3,10832.0,10832.0,2.503,4.245425075977311e-10
3,10842.0,10842.0,2.182,3.7872225947938953e-10
3,10852.0,10852.0,1.845,3.420724645277854e-10
3,10862.0,10862.0,1.508,2.8508216861165935e-10
3,10872.0,10872.0,1.165,2.3152576271389538e-10
3,10882.0,10882.0,0.806,1.7884903263902403e-10
3,10892.0,10892.0,0.454,1.1220640348928252e-10
4,10894.0,10894.0,0.0,5.2154991348432735e-11
