leg,time,lat,lng,tickLead,tickRace,distance
1,2014-01-01T02:30:05Z,-33.35603900,147.93371799,-1843.0,-1843.0,152.496
1,2014-01-01T02:30:10Z,-33.35603900,147.93371799,-1838.0,-1838.0,152.496
1,2014-01-01T02:30:15Z,-33.35603700,147.93369599,-1833.0,-1833.0,152.497
1,2014-01-01T02:30:20Z,-33.35580800,147.93338299,-1828.0,-1828.0,152.532
1,2014-01-01T02:30:25Z,-33.35532400,147.93296900,-1823.0,-1823.0,152.598
1,2014-01-01T02:30:30Z,-33.35484399,147.93256299,-1818.0,-1818.0,152.662
1,2014-01-01T02:30:35Z,-33.35435499,147.93215299,-1813.0,-1813.0,152.728
1,2014-01-01T02:30:40Z,-33.35380899,147.93179599,-1808.0,-1808.0,152.797
1,2014-01-01T02:30:45Z,-33.35326200,147.93140399,-1803.0,-1803.0,152.868
1,2014-01-01T02:30:50Z,-33.35273600,147.93096900,-1798.0,-1798.0,152.938
1,2014-01-01T02:30:55Z,-33.35240499,147.93042299,-1793.0,-1793.0,152.994
1,2014-01-01T02:31:00Z,-33.35215500,147.92970700,-1788.0,-1788.0,153.048
1,2014-01-01T02:31:05Z,-33.35217000,147.92894999,-1783.0,-1783.0,153.078
1,2014-01-01T02:31:10Z,-33.35235999,147.92818600,-1778.0,-1778.0,153.09
1,2014-01-01T02:31:15Z,-33.35291600,147.92758799,-1773.0,-1773.0,153.06
1,2014-01-01T02:31:20Z,-33.35364599,147.92721099,-1768.0,-1768.0,153.003
1,2014-01-01T02:31:25Z,-33.35453300,147.92720900,-1763.0,-1763.0,152.915
1,2014-01-01T02:31:30Z,-33.35541800,147.92756099,-1758.0,-1758.0,152.812
1,2014-01-01T02:31:35Z,-33.35609800,147.92839399,-1753.0,-1753.0,152.71
1,2014-01-01T02:31:40Z,-33.35660899,147.92940400,-1748.0,-1748.0,152.617
1,2014-01-01T02:31:45Z,-33.35700899,147.93045900,-1743.0,-1743.0,152.534
1,2014-01-01T02:31:50Z,-33.35716899,147.93162799,-1738.0,-1738.0,152.469
1,2014-01-01T02:31:55Z,-33.35705399,147.93273800,-1733.0,-1733.0,152.435
1,2014-01-01T02:32:00Z,-33.35672999,147.93375800,-1728.0,-1728.0,152.425
1,2014-01-01T02:32:05Z,-33.35642399,147.93477599,-1723.0,-1723.0,152.414
1,2014-01-01T02:32:10Z,-33.35595200,147.93564499,-1718.0,-1718.0,152.425
1,2014-01-01T02:32:15Z,-33.35537699,147.93633700,-1713.0,-1713.0,152.454
1,2014-01-01T02:32:20Z,-33.35475600,147.93694700,-1708.0,-1708.0,152.491
1,2014-01-01T02:32:25Z,-33.35416599,147.93751599,-1703.0,-1703.0,152.527
1,2014-01-01T02:32:30Z,-33.35351299,147.93802299,-1698.0,-1698.0,152.572
1,2014-01-01T02:32:35Z,-33.35286399,147.93850399,-1693.0,-1693.0,152.617
1,2014-01-01T02:32:40Z,-33.35225100,147.93909500,-1688.0,-1688.0,152.654
1,2014-01-01T02:32:45Z,-33.35171499,147.93977899,-1683.0,-1683.0,152.68
1,2014-01-01T02:32:50Z,-33.35106300,147.94032699,-1678.0,-1678.0,152.723
1,2014-01-01T02:32:55Z,-33.35038699,147.94076899,-1673.0,-1673.0,152.773
1,2014-01-01T02:33:00Z,-33.34970100,147.94105300,-1668.0,-1668.0,152.83
1,2014-01-01T02:33:05Z,-33.34897399,147.94121000,-1663.0,-1663.0,152.897
1,2014-01-01T02:33:10Z,-33.34832800,147.94113899,-1658.0,-1658.0,152.965
1,2014-01-01T02:33:15Z,-33.34783999,147.94076899,-1653.0,-1653.0,153.028
1,2014-01-01T02:33:20Z,-33.34762700,147.94017999,-1648.0,-1648.0,153.073
1,2014-01-01T02:33:25Z,-33.34766299,147.93945099,-1643.0,-1643.0,153.099
1,2014-01-01T02:33:30Z,-33.34801999,147.93874199,-1638.0,-1638.0,153.092
1,2014-01-01T02:33:35Z,-33.34872299,147.93830199,-1633.0,-1633.0,153.039
1,2014-01-01T02:33:40Z,-33.34955200,147.93830800,-1628.0,-1628.0,152.956
1,2014-01-01T02:33:45Z,-33.35033500,147.93870499,-1623.0,-1623.0,152.862
1,2014-01-01T02:33:50Z,-33.35097900,147.93951100,-1618.0,-1618.0,152.765
1,2014-01-01T02:33:55Z,-33.35139000,147.94051899,-1613.0,-1613.0,152.683
1,2014-01-01T02:34:00Z,-33.35161000,147.94153199,-1608.0,-1608.0,152.62
1,2014-01-01T02:34:05Z,-33.35159800,147.94256699,-1603.0,-1603.0,152.579
1,2014-01-01T02:34:10Z,-33.35143399,147.94364100,-1598.0,-1598.0,152.553
1,2014-01-01T02:34:15Z,-33.35134099,147.94470999,-1593.0,-1593.0,152.519
1,2014-01-01T02:34:20Z,-33.35094399,147.94546399,-1588.0,-1588.0,152.529
1,2014-01-01T02:34:25Z,-33.35033399,147.94570100,-1583.0,-1583.0,152.58
1,2014-01-01T02:34:30Z,-33.34983799,147.94554400,-1578.0,-1578.0,152.636
1,2014-01-01T02:34:35Z,-33.34948200,147.94513399,-1573.0,-1573.0,152.689
1,2014-01-01T02:34:40Z,-33.34917500,147.94455999,-1568.0,-1568.0,152.742
1,2014-01-01T02:34:45Z,-33.34904900,147.94386900,-1563.0,-1563.0,152.783
1,2014-01-01T02:34:50Z,-33.34919099,147.94309799,-1558.0,-1558.0,152.799
1,2014-01-01T02:34:55Z,-33.34959400,147.94242299,-1553.0,-1553.0,152.786
1,2014-01-01T02:35:00Z,-33.35018900,147.94191499,-1548.0,-1548.0,152.747
1,2014-01-01T02:35:05Z,-33.35095199,147.94176799,-1543.0,-1543.0,152.676
1,2014-01-01T02:35:10Z,-33.35177199,147.94191000,-1538.0,-1538.0,152.588
1,2014-01-01T02:35:15Z,-33.35253800,147.94243399,-1533.0,-1533.0,152.491
1,2014-01-01T02:35:20Z,-33.35326700,147.94314800,-1528.0,-1528.0,152.389
1,2014-01-01T02:35:25Z,-33.35402100,147.94378699,-1523.0,-1523.0,152.287
1,2014-01-01T02:35:30Z,-33.35475000,147.94454400,-1518.0,-1518.0,152.184
1,2014-01-01T02:35:35Z,-33.35538600,147.94546500,-1513.0,-1513.0,152.083
1,2014-01-01T02:35:40Z,-33.35591699,147.94644900,-1508.0,-1508.0,151.99
1,2014-01-01T02:35:45Z,-33.35619200,147.94746000,-1503.0,-1503.0,151.922
1,2014-01-01T02:35:50Z,-33.35638399,147.94846599,-1498.0,-1498.0,151.863
1,2014-01-01T02:35:55Z,-33.35645199,147.94948999,-1493.0,-1493.0,151.815
1,2014-01-01T02:36:00Z,-33.35639100,147.95051399,-1488.0,-1488.0,151.78
1,2014-01-01T02:36:05Z,-33.35606099,147.95141000,-1483.0,-1483.0,151.778
1,2014-01-01T02:36:10Z,-33.35557099,147.95154899,-1478.0,-1478.0,151.821
1,2014-01-01T02:36:15Z,-33.35546699,147.95093800,-1473.0,-1473.0,151.856
1,2014-01-01T02:36:20Z,-33.35536900,147.95038800,-1468.0,-1468.0,151.888
1,2014-01-01T02:36:25Z,-33.35519099,147.94977299,-1463.0,-1463.0,151.93
1,2014-01-01T02:36:30Z,-33.35555000,147.94922700,-1458.0,-1458.0,151.916
1,2014-01-01T02:36:35Z,-33.35628200,147.94911999,-1453.0,-1453.0,151.847
1,2014-01-01T02:36:40Z,-33.35688300,147.94975099,-1448.0,-1448.0,151.761
1,2014-01-01T02:36:45Z,-33.35710300,147.95064300,-1443.0,-1443.0,151.703
1,2014-01-01T02:36:50Z,-33.35734899,147.95162600,-1438.0,-1438.0,151.64
1,2014-01-01T02:36:55Z,-33.35752800,147.95251600,-1433.0,-1433.0,151.586
1,2014-01-01T02:37:00Z,-33.35707500,147.95298700,-1428.0,-1428.0,151.613
1,2014-01-01T02:37:05Z,-33.35688499,147.95258599,-1423.0,-1423.0,151.648
1,2014-01-01T02:37:10Z,-33.35752099,147.95231300,-1418.0,-1418.0,151.595
1,2014-01-01T02:37:15Z,-33.35818199,147.95271299,-1413.0,-1413.0,151.513
1,2014-01-01T02:37:20Z,-33.35814100,147.95364599,-1408.0,-1408.0,151.48
1,2014-01-01T02:37:25Z,-33.35761300,147.95381299,-1403.0,-1403.0,151.526
1,2014-01-01T02:37:30Z,-33.35760400,147.95321699,-1398.0,-1398.0,151.551
1,2014-01-01T02:37:35Z,-33.35822499,147.95291100,-1393.0,-1393.0,151.5
1,2014-01-01T02:37:40Z,-33.35895299,147.95310799,-1388.0,-1388.0,151.419
1,2014-01-01T02:37:45Z,-33.35947900,147.95383100,-1383.0,-1383.0,151.338
1,2014-01-01T02:37:50Z,-33.35943499,147.95475300,-1378.0,-1378.0,151.306
1,2014-01-01T02:37:55Z,-33.35890799,147.95496900,-1373.0,-1373.0,151.35
1,2014-01-01T02:38:00Z,-33.35886200,147.95448600,-1368.0,-1368.0,151.374
1,2014-01-01T02:38:05Z,-33.35945399,147.95436599,-1363.0,-1363.0,151.319
1,2014-01-01T02:38:10Z,-33.36002599,147.95502999,-1358.0,-1358.0,151.235
1,2014-01-01T02:38:15Z,-33.35987399,147.95589899,-1353.0,-1353.0,151.216
1,2014-01-01T02:38:20Z,-33.35937500,147.95590500,-1348.0,-1348.0,151.266
1,2014-01-01T02:38:25Z,-33.35926800,147.95541600,-1343.0,-1343.0,151.296
1,2014-01-01T02:38:30Z,-33.35977499,147.95504299,-1338.0,-1338.0,151.26
1,2014-01-01T02:38:35Z,-33.36040299,147.95547999,-1333.0,-1333.0,151.18
1,2014-01-01T02:38:40Z,-33.36026700,147.95625400,-1328.0,-1328.0,151.163
1,2014-01-01T02:38:45Z,-33.35978399,147.95627099,-1323.0,-1323.0,151.21
1,2014-01-01T02:38:50Z,-33.35996600,147.95558500,-1318.0,-1318.0,151.219
1,2014-01-01T02:38:55Z,-33.36042199,147.95512999,-1313.0,-1313.0,151.191
1,2014-01-01T02:39:00Z,-33.36109499,147.95508100,-1308.0,-1308.0,151.126
1,2014-01-01T02:39:05Z,-33.36164899,147.95566500,-1303.0,-1303.0,151.047
1,2014-01-01T02:39:10Z,-33.36149900,147.95641200,-1298.0,-1298.0,151.032
1,2014-01-01T02:39:15Z,-33.36103899,147.95617799,-1293.0,-1293.0,151.088
1,2014-01-01T02:39:20Z,-33.36120499,147.95555899,-1288.0,-1288.0,151.096
1,2014-01-01T02:39:25Z,-33.36188200,147.95530199,-1283.0,-1283.0,151.038
1,2014-01-01T02:39:30Z,-33.36255899,147.95576500,-1278.0,-1278.0,150.951
1,2014-01-01T02:39:35Z,-33.36299700,147.95655600,-1273.0,-1273.0,150.876
1,2014-01-01T02:39:40Z,-33.36344100,147.95716100,-1268.0,-1268.0,150.807
1,2014-01-01T02:39:45Z,-33.36368300,147.95787999,-1263.0,-1263.0,150.755
1,2014-01-01T02:39:50Z,-33.36337100,147.95848000,-1258.0,-1258.0,150.762
1,2014-01-01T02:39:55Z,-33.36293599,147.95821300,-1253.0,-1253.0,150.817
1,2014-01-01T02:40:00Z,-33.36330699,147.95755500,-1248.0,-1248.0,150.805
1,2014-01-01T02:40:05Z,-33.36392699,147.95713299,-1243.0,-1243.0,150.76
1,2014-01-01T02:40:10Z,-33.36444199,147.95655600,-1238.0,-1238.0,150.731
1,2014-01-01T02:40:15Z,-33.36481899,147.95593999,-1233.0,-1233.0,150.717
1,2014-01-01T02:40:20Z,-33.36531200,147.95534900,-1228.0,-1228.0,150.691
1,2014-01-01T02:40:25Z,-33.36597499,147.95500599,-1223.0,-1223.0,150.639
1,2014-01-01T02:40:30Z,-33.36659800,147.95545799,-1218.0,-1218.0,150.558
1,2014-01-01T02:40:35Z,-33.36639300,147.95622000,-1213.0,-1213.0,150.548
1,2014-01-01T02:40:40Z,-33.36585800,147.95625400,-1208.0,-1208.0,150.601
1,2014-01-01T02:40:45Z,-33.36551099,147.95581899,-1203.0,-1203.0,150.653
1,2014-01-01T02:40:50Z,-33.36526200,147.95532900,-1198.0,-1198.0,150.697
1,2014-01-01T02:40:55Z,-33.36493399,147.95490000,-1193.0,-1193.0,150.747
1,2014-01-01T02:41:00Z,-33.36457300,147.95452399,-1188.0,-1188.0,150.799
1,2014-01-01T02:41:05Z,-33.36428200,147.95397700,-1183.0,-1183.0,150.85
1,2014-01-01T02:41:10Z,-33.36407599,147.95339100,-1178.0,-1178.0,150.894
1,2014-01-01T02:41:15Z,-33.36381899,147.95285899,-1173.0,-1173.0,150.941
1,2014-01-01T02:41:20Z,-33.36339499,147.95240599,-1168.0,-1168.0,151.001
1,2014-01-01T02:41:25Z,-33.36306499,147.95191600,-1163.0,-1163.0,151.054
1,2014-01-01T02:41:30Z,-33.36288600,147.95130700,-1158.0,-1158.0,151.097
1,2014-01-01T02:41:35Z,-33.36279400,147.95071500,-1153.0,-1153.0,151.13
1,2014-01-01T02:41:40Z,-33.36261900,147.95009600,-1148.0,-1148.0,151.172
1,2014-01-01T02:41:45Z,-33.36216699,147.94954999,-1143.0,-1143.0,151.239
1,2014-01-01T02:41:50Z,-33.36162800,147.94900300,-1138.0,-1138.0,151.315
1,2014-01-01T02:41:55Z,-33.36119800,147.94851600,-1133.0,-1133.0,151.378
1,2014-01-01T02:42:00Z,-33.36081099,147.94801799,-1128.0,-1128.0,151.437
1,2014-01-01T02:42:05Z,-33.36061200,147.94734399,-1123.0,-1123.0,151.484
1,2014-01-01T02:42:10Z,-33.36039399,147.94671299,-1118.0,-1118.0,151.531
1,2014-01-01T02:42:15Z,-33.36022299,147.94600199,-1113.0,-1113.0,151.577
1,2014-01-01T02:42:20Z,-33.36006299,147.94536700,-1108.0,-1108.0,151.619
1,2014-01-01T02:42:25Z,-33.35970700,147.94482500,-1103.0,-1103.0,151.676
1,2014-01-01T02:42:30Z,-33.35949899,147.94427600,-1098.0,-1098.0,151.719
1,2014-01-01T02:42:35Z,-33.35929300,147.94368299,-1093.0,-1093.0,151.764
1,2014-01-01T02:42:40Z,-33.35899100,147.94313399,-1088.0,-1088.0,151.816
1,2014-01-01T02:42:45Z,-33.35848500,147.94278199,-1083.0,-1083.0,151.881
1,2014-01-01T02:42:50Z,-33.35792099,147.94263799,-1078.0,-1078.0,151.943
1,2014-01-01T02:42:55Z,-33.35745399,147.94249099,-1073.0,-1073.0,151.996
1,2014-01-01T02:43:00Z,-33.35699300,147.94204300,-1068.0,-1068.0,152.06
1,2014-01-01T02:43:05Z,-33.35719199,147.94149600,-1063.0,-1063.0,152.063
1,2014-01-01T02:43:10Z,-33.35793300,147.94195700,-1058.0,-1058.0,151.97
1,2014-01-01T02:43:15Z,-33.35788900,147.94273499,-1053.0,-1053.0,151.943
1,2014-01-01T02:43:20Z,-33.35736299,147.94265599,-1048.0,-1048.0,151.998
1,2014-01-01T02:43:25Z,-33.35781800,147.94220300,-1043.0,-1043.0,151.971
1,2014-01-01T02:43:30Z,-33.35848599,147.94274200,-1038.0,-1038.0,151.883
1,2014-01-01T02:43:35Z,-33.35824600,147.94334699,-1033.0,-1033.0,151.882
1,2014-01-01T02:43:40Z,-33.35800199,147.94288499,-1028.0,-1028.0,151.925
1,2014-01-01T02:43:45Z,-33.35873099,147.94291999,-1023.0,-1023.0,151.851
1,2014-01-01T02:43:50Z,-33.35866999,147.94361200,-1018.0,-1018.0,151.829
1,2014-01-01T02:43:55Z,-33.35822600,147.94320400,-1013.0,-1013.0,151.89
1,2014-01-01T02:44:00Z,-33.35882800,147.94297599,-1008.0,-1008.0,151.839
1,2014-01-01T02:44:05Z,-33.35914600,147.94373799,-1003.0,-1003.0,151.776
1,2014-01-01T02:44:10Z,-33.35863499,147.94410099,-998.0,-998.0,151.813
1,2014-01-01T02:44:15Z,-33.35892199,147.94353399,-993.0,-993.0,151.807
1,2014-01-01T02:44:20Z,-33.35960599,147.94393099,-988.0,-988.0,151.722
1,2014-01-01T02:44:25Z,-33.35949000,147.94461100,-983.0,-983.0,151.706
1,2014-01-01T02:44:30Z,-33.35911999,147.94435999,-978.0,-978.0,151.754
1,2014-01-01T02:44:35Z,-33.35983900,147.94406900,-973.0,-973.0,151.693
1,2014-01-01T02:44:40Z,-33.36026199,147.94462699,-968.0,-968.0,151.629
1,2014-01-01T02:44:45Z,-33.35980500,147.94499200,-963.0,-963.0,151.66
1,2014-01-01T02:44:50Z,-33.35986100,147.94441199,-958.0,-958.0,151.677
1,2014-01-01T02:44:55Z,-33.36053499,147.94436999,-953.0,-953.0,151.612
1,2014-01-01T02:45:00Z,-33.36049200,147.94508400,-948.0,-948.0,151.587
1,2014-01-01T02:45:05Z,-33.36003500,147.94479499,-943.0,-943.0,151.644
1,2014-01-01T02:45:10Z,-33.36040700,147.94406799,-938.0,-938.0,151.637
1,2014-01-01T02:45:15Z,-33.36106199,147.94411400,-933.0,-933.0,151.569
1,2014-01-01T02:45:20Z,-33.36087599,147.94483399,-928.0,-928.0,151.559
1,2014-01-01T02:45:25Z,-33.36046199,147.94456700,-923.0,-923.0,151.611
1,2014-01-01T02:45:30Z,-33.36077999,147.94389300,-918.0,-918.0,151.606
1,2014-01-01T02:45:35Z,-33.36135900,147.94409500,-913.0,-913.0,151.54
1,2014-01-01T02:45:40Z,-33.36109900,147.94472099,-908.0,-908.0,151.541
1,2014-01-01T02:45:45Z,-33.36078599,147.94419600,-903.0,-903.0,151.594
1,2014-01-01T02:45:50Z,-33.36112599,147.94362100,-898.0,-898.0,151.583
1,2014-01-01T02:45:55Z,-33.36179700,147.94359000,-893.0,-893.0,151.517
1,2014-01-01T02:46:00Z,-33.36214400,147.94436099,-888.0,-888.0,151.451
1,2014-01-01T02:46:05Z,-33.36171099,147.94491300,-883.0,-883.0,151.472
1,2014-01-01T02:46:10Z,-33.36124300,147.94459699,-878.0,-878.0,151.532
1,2014-01-01T02:46:15Z,-33.36158400,147.94402099,-873.0,-873.0,151.521
1,2014-01-01T02:46:20Z,-33.36221799,147.94431700,-868.0,-868.0,151.445
1,2014-01-01T02:46:25Z,-33.36219799,147.94512100,-863.0,-863.0,151.415
1,2014-01-01T02:46:30Z,-33.36169600,147.94507500,-858.0,-858.0,151.467
1,2014-01-01T02:46:35Z,-33.36179599,147.94452699,-853.0,-853.0,151.479
1,2014-01-01T02:46:40Z,-33.36244400,147.94443999,-848.0,-848.0,151.418
1,2014-01-01T02:46:45Z,-33.36300500,147.94504499,-843.0,-843.0,151.337
1,2014-01-01T02:46:50Z,-33.36304499,147.94592299,-838.0,-838.0,151.298
1,2014-01-01T02:46:55Z,-33.36250299,147.94637700,-833.0,-833.0,151.333
1,2014-01-01T02:47:00Z,-33.36212499,147.94604200,-828.0,-828.0,151.385
1,2014-01-01T02:47:05Z,-33.36228899,147.94545600,-823.0,-823.0,151.392
1,2014-01-01T02:47:10Z,-33.36293700,147.94535200,-818.0,-818.0,151.332
1,2014-01-01T02:47:15Z,-33.36331799,147.94614899,-813.0,-813.0,151.261
1,2014-01-01T02:47:20Z,-33.36286799,147.94661099,-808.0,-808.0,151.287
1,2014-01-01T02:47:25Z,-33.36256300,147.94611299,-803.0,-803.0,151.338
1,2014-01-01T02:47:30Z,-33.36252100,147.94546600,-798.0,-798.0,151.369
1,2014-01-01T02:47:35Z,-33.36248199,147.94477699,-793.0,-793.0,151.4
1,2014-01-01T02:47:40Z,-33.36272000,147.94410700,-788.0,-788.0,151.404
1,2014-01-01T02:47:45Z,-33.36287200,147.94341000,-783.0,-783.0,151.417
1,2014-01-01T02:47:50Z,-33.36285999,147.94277800,-778.0,-778.0,151.444
1,2014-01-01T02:47:55Z,-33.36281199,147.94216199,-773.0,-773.0,151.474
1,2014-01-01T02:48:00Z,-33.36281600,147.94165799,-768.0,-768.0,151.494
1,2014-01-01T02:48:05Z,-33.36288100,147.94120899,-763.0,-763.0,151.506
1,2014-01-01T02:48:10Z,-33.36328300,147.94080600,-758.0,-758.0,151.482
1,2014-01-01T02:48:15Z,-33.36403500,147.94088700,-753.0,-753.0,151.404
1,2014-01-01T02:48:20Z,-33.36465700,147.94107500,-748.0,-748.0,151.334
1,2014-01-01T02:48:25Z,-33.36484999,147.94169299,-743.0,-743.0,151.289
1,2014-01-01T02:48:30Z,-33.36439399,147.94166000,-738.0,-738.0,151.336
1,2014-01-01T02:48:35Z,-33.36470500,147.94115899,-733.0,-733.0,151.326
1,2014-01-01T02:48:40Z,-33.36532400,147.94091299,-728.0,-728.0,151.274
1,2014-01-01T02:48:45Z,-33.36607300,147.94081800,-723.0,-723.0,151.203
1,2014-01-01T02:48:50Z,-33.36674699,147.94147399,-718.0,-718.0,151.109
1,2014-01-01T02:48:55Z,-33.36658299,147.94217800,-713.0,-713.0,151.097
1,2014-01-01T02:49:00Z,-33.36667200,147.94172399,-708.0,-708.0,151.106
1,2014-01-01T02:49:05Z,-33.36723299,147.94218200,-703.0,-703.0,151.032
1,2014-01-01T02:49:10Z,-33.36687299,147.94247200,-698.0,-698.0,151.056
1,2014-01-01T02:49:15Z,-33.36726199,147.94207700,-693.0,-693.0,151.033
1,2014-01-01T02:49:20Z,-33.36777699,147.94271100,-688.0,-688.0,150.956
1,2014-01-01T02:49:25Z,-33.36743100,147.94312800,-683.0,-683.0,150.973
1,2014-01-01T02:49:30Z,-33.36777099,147.94267700,-678.0,-678.0,150.958
1,2014-01-01T02:49:35Z,-33.36856199,147.94316699,-673.0,-673.0,150.859
1,2014-01-01T02:49:40Z,-33.36838199,147.94393400,-668.0,-668.0,150.845
1,2014-01-01T02:49:45Z,-33.36825199,147.94354999,-663.0,-663.0,150.874
1,2014-01-01T02:49:50Z,-33.36899199,147.94353799,-658.0,-658.0,150.801
1,2014-01-01T02:49:55Z,-33.36945699,147.94415399,-653.0,-653.0,150.729
1,2014-01-01T02:50:00Z,-33.36897600,147.94454400,-648.0,-648.0,150.761
1,2014-01-01T02:50:05Z,-33.36876500,147.94402600,-643.0,-643.0,150.803
1,2014-01-01T02:50:10Z,-33.36931200,147.94390500,-638.0,-638.0,150.754
1,2014-01-01T02:50:15Z,-33.36958700,147.94473700,-633.0,-633.0,150.692
1,2014-01-01T02:50:20Z,-33.36909899,147.94521700,-628.0,-628.0,150.721
1,2014-01-01T02:50:25Z,-33.36867600,147.94496799,-623.0,-623.0,150.774
1,2014-01-01T02:50:30Z,-33.36858500,147.94443000,-618.0,-618.0,150.805
1,2014-01-01T02:50:35Z,-33.36921499,147.94450199,-613.0,-613.0,150.739
1,2014-01-01T02:50:40Z,-33.36911099,147.94533999,-608.0,-608.0,150.715
1,2014-01-01T02:50:45Z,-33.36868700,147.94523200,-603.0,-603.0,150.762
1,2014-01-01T02:50:50Z,-33.36910300,147.94481099,-598.0,-598.0,150.737
1,2014-01-01T02:50:55Z,-33.36972999,147.94530499,-593.0,-593.0,150.655
1,2014-01-01T02:51:00Z,-33.36959999,147.94609399,-588.0,-588.0,150.635
1,2014-01-01T02:51:05Z,-33.36914699,147.94606500,-583.0,-583.0,150.682
1,2014-01-01T02:51:10Z,-33.36945300,147.94564199,-578.0,-578.0,150.668
1,2014-01-01T02:51:15Z,-33.37007799,147.94620000,-573.0,-573.0,150.583
1,2014-01-01T02:51:20Z,-33.36991600,147.94700199,-568.0,-568.0,150.567
1,2014-01-01T02:51:25Z,-33.36939100,147.94693499,-563.0,-563.0,150.622
1,2014-01-01T02:51:30Z,-33.36944700,147.94646399,-558.0,-558.0,150.636
1,2014-01-01T02:51:35Z,-33.37002799,147.94645600,-553.0,-553.0,150.578
1,2014-01-01T02:51:40Z,-33.37039899,147.94730999,-548.0,-548.0,150.506
1,2014-01-01T02:51:45Z,-33.36989200,147.94779199,-543.0,-543.0,150.537
1,2014-01-01T02:51:50Z,-33.36941499,147.94757699,-538.0,-538.0,150.593
1,2014-01-01T02:51:55Z,-33.36921600,147.94713999,-533.0,-533.0,150.631
1,2014-01-01T02:52:00Z,-33.36967200,147.94665399,-528.0,-528.0,150.605
1,2014-01-01T02:52:05Z,-33.36997399,147.94603399,-523.0,-523.0,150.6
1,2014-01-01T02:52:10Z,-33.36986900,147.94545600,-518.0,-518.0,150.635
1,2014-01-01T02:52:15Z,-33.36974099,147.94490099,-513.0,-513.0,150.67
1,2014-01-01T02:52:20Z,-33.36908700,147.94526700,-508.0,-508.0,150.72
1,2014-01-01T02:52:25Z,-33.36892399,147.94405499,-503.0,-503.0,150.786
1,2014-01-01T02:52:30Z,-33.36888100,147.94341800,-498.0,-498.0,150.817
1,2014-01-01T02:52:35Z,-33.36913499,147.94266500,-493.0,-493.0,150.822
1,2014-01-01T02:52:40Z,-33.36918800,147.94200200,-488.0,-488.0,150.844
1,2014-01-01T02:52:45Z,-33.36919300,147.94134299,-483.0,-483.0,150.871
1,2014-01-01T02:52:50Z,-33.36971900,147.94094300,-478.0,-478.0,150.835
1,2014-01-01T02:52:55Z,-33.36997699,147.94171399,-473.0,-473.0,150.777
1,2014-01-01T02:53:00Z,-33.36946100,147.94191699,-468.0,-468.0,150.82
1,2014-01-01T02:53:05Z,-33.36978599,147.94139899,-463.0,-463.0,150.809
1,2014-01-01T02:53:10Z,-33.37021500,147.94214199,-458.0,-458.0,150.736
1,2014-01-01T02:53:15Z,-33.36971499,147.94235100,-453.0,-453.0,150.777
1,2014-01-01T02:53:20Z,-33.36999099,147.94193200,-448.0,-448.0,150.767
1,2014-01-01T02:53:25Z,-33.37045700,147.94267199,-443.0,-443.0,150.69
1,2014-01-01T02:53:30Z,-33.36999999,147.94310200,-438.0,-438.0,150.718
1,2014-01-01T02:53:35Z,-33.36983000,147.94269499,-433.0,-433.0,150.752
1,2014-01-01T02:53:40Z,-33.37053900,147.94284200,-428.0,-428.0,150.675
1,2014-01-01T02:53:45Z,-33.37055000,147.94371100,-423.0,-423.0,150.638
1,2014-01-01T02:53:50Z,-33.37018700,147.94351000,-418.0,-418.0,150.682
1,2014-01-01T02:53:55Z,-33.37087900,147.94350199,-413.0,-413.0,150.614
1,2014-01-01T02:54:00Z,-33.37091999,147.94433699,-408.0,-408.0,150.575
1,2014-01-01T02:54:05Z,-33.37036899,147.94417999,-403.0,-403.0,150.637
1,2014-01-01T02:54:10Z,-33.37072200,147.94380100,-398.0,-398.0,150.617
1,2014-01-01T02:54:15Z,-33.37119500,147.94449599,-393.0,-393.0,150.541
1,2014-01-01T02:54:20Z,-33.37077500,147.94493099,-388.0,-388.0,150.566
1,2014-01-01T02:54:25Z,-33.37066999,147.94452400,-383.0,-383.0,150.593
1,2014-01-01T02:54:30Z,-33.37132499,147.94459200,-378.0,-378.0,150.525
1,2014-01-01T02:54:35Z,-33.37143199,147.94538399,-373.0,-373.0,150.481
1,2014-01-01T02:54:40Z,-33.37090800,147.94571700,-368.0,-368.0,150.52
1,2014-01-01T02:54:45Z,-33.37061599,147.94521800,-363.0,-363.0,150.57
1,2014-01-01T02:54:50Z,-33.37042100,147.94450699,-358.0,-358.0,150.618
1,2014-01-01T02:54:55Z,-33.37032899,147.94382100,-353.0,-353.0,150.656
1,2014-01-01T02:55:00Z,-33.37072500,147.94373500,-348.0,-348.0,150.62
1,2014-01-01T02:55:05Z,-33.37042600,147.94453899,-343.0,-343.0,150.616
1,2014-01-01T02:55:10Z,-33.36981600,147.94464300,-338.0,-338.0,150.673
1,2014-01-01T02:55:15Z,-33.36999600,147.94424900,-333.0,-333.0,150.671
1,2014-01-01T02:55:20Z,-33.37037999,147.94485199,-328.0,-328.0,150.608
1,2014-01-01T02:55:25Z,-33.37022100,147.94565299,-323.0,-323.0,150.591
1,2014-01-01T02:55:30Z,-33.36962700,147.94565199,-318.0,-318.0,150.651
1,2014-01-01T02:55:35Z,-33.36998200,147.94529700,-313.0,-313.0,150.63
1,2014-01-01T02:55:40Z,-33.37025599,147.94619800,-308.0,-308.0,150.566
1,2014-01-01T02:55:45Z,-33.37014599,147.94725500,-303.0,-303.0,150.533
1,2014-01-01T02:55:50Z,-33.36984900,147.94797299,-298.0,-298.0,150.534
1,2014-01-01T02:55:55Z,-33.36961699,147.94758799,-293.0,-293.0,150.573
1,2014-01-01T02:56:00Z,-33.37020499,147.94812200,-288.0,-288.0,150.492
1,2014-01-01T02:56:05Z,-33.36986600,147.94882699,-283.0,-283.0,150.498
1,2014-01-01T02:56:10Z,-33.36979099,147.94840899,-278.0,-278.0,150.522
1,2014-01-01T02:56:15Z,-33.37025799,147.94894300,-273.0,-273.0,150.454
1,2014-01-01T02:56:20Z,-33.36981000,147.94954200,-268.0,-268.0,150.474
1,2014-01-01T02:56:25Z,-33.36959499,147.94905199,-263.0,-263.0,150.515
1,2014-01-01T02:56:30Z,-33.37010899,147.94936300,-258.0,-258.0,150.451
1,2014-01-01T02:56:35Z,-33.36970500,147.94987100,-253.0,-253.0,150.471
1,2014-01-01T02:56:40Z,-33.36959900,147.94938899,-248.0,-248.0,150.501
1,2014-01-01T02:56:45Z,-33.37013999,147.94983199,-243.0,-243.0,150.429
1,2014-01-01T02:56:50Z,-33.36977900,147.95044300,-238.0,-238.0,150.441
1,2014-01-01T02:56:55Z,-33.36962900,147.94995599,-233.0,-233.0,150.475
1,2014-01-01T02:57:00Z,-33.37026800,147.95001400,-228.0,-228.0,150.409
1,2014-01-01T02:57:05Z,-33.37061400,147.95078699,-223.0,-223.0,150.343
1,2014-01-01T02:57:10Z,-33.37010099,147.95123599,-218.0,-218.0,150.376
1,2014-01-01T02:57:15Z,-33.37003800,147.95069300,-213.0,-213.0,150.405
1,2014-01-01T02:57:20Z,-33.37062000,147.95081799,-208.0,-208.0,150.341
1,2014-01-01T02:57:25Z,-33.37103400,147.95166900,-203.0,-203.0,150.266
1,2014-01-01T02:57:30Z,-33.37094400,147.95248000,-198.0,-198.0,150.242
1,2014-01-01T02:57:35Z,-33.37042900,147.95250200,-193.0,-193.0,150.292
1,2014-01-01T02:57:40Z,-33.37053900,147.95179300,-188.0,-188.0,150.31
1,2014-01-01T02:57:45Z,-33.37163300,147.95132799,-183.0,-183.0,150.219
1,2014-01-01T02:57:50Z,-33.37147999,147.95139699,-178.0,-178.0,150.232
1,2014-01-01T02:57:55Z,-33.37126899,147.95225899,-173.0,-173.0,150.218
1,2014-01-01T02:58:00Z,-33.37058199,147.95245199,-168.0,-168.0,150.279
1,2014-01-01T02:58:05Z,-33.37048699,147.95198700,-163.0,-163.0,150.307
1,2014-01-01T02:58:10Z,-33.37104500,147.95230900,-158.0,-158.0,150.239
1,2014-01-01T02:58:15Z,-33.37093399,147.95329699,-153.0,-153.0,150.21
1,2014-01-01T02:58:20Z,-33.37040400,147.95379399,-148.0,-148.0,150.243
1,2014-01-01T02:58:25Z,-33.37027499,147.95328900,-143.0,-143.0,150.276
1,2014-01-01T02:58:30Z,-33.37090200,147.95355100,-138.0,-138.0,150.203
1,2014-01-01T02:58:35Z,-33.37105999,147.95448700,-133.0,-133.0,150.149
1,2014-01-01T02:58:40Z,-33.37051100,147.95490899,-128.0,-128.0,150.187
1,2014-01-01T02:58:45Z,-33.37014500,147.95440300,-123.0,-123.0,150.244
1,2014-01-01T02:58:50Z,-33.37043200,147.95382499,-118.0,-118.0,150.239
1,2014-01-01T02:58:55Z,-33.37103199,147.95409599,-113.0,-113.0,150.168
1,2014-01-01T02:59:00Z,-33.37052200,147.95460299,-108.0,-108.0,150.199
1,2014-01-01T02:59:05Z,-33.37038299,147.95395899,-103.0,-103.0,150.238
1,2014-01-01T02:59:10Z,-33.37089399,147.95421200,-98.0,-98.0,150.177
1,2014-01-01T02:59:15Z,-33.37031799,147.95469600,-93.0,-93.0,150.215
1,2014-01-01T02:59:20Z,-33.37007899,147.95409599,-88.0,-88.0,150.263
1,2014-01-01T02:59:25Z,-33.37065299,147.95426000,-83.0,-83.0,150.199
1,2014-01-01T02:59:30Z,-33.37053000,147.95524000,-78.0,-78.0,150.172
1,2014-01-01T02:59:35Z,-33.36991700,147.95561499,-73.0,-73.0,150.219
1,2014-01-01T02:59:40Z,-33.36969299,147.95507599,-68.0,-68.0,150.263
1,2014-01-01T02:59:45Z,-33.37031199,147.95521800,-63.0,-63.0,150.195
1,2014-01-01T02:59:50Z,-33.37028999,147.95615100,-58.0,-58.0,150.16
1,2014-01-01T02:59:55Z,-33.36985899,147.95686599,-53.0,-53.0,150.174
1,2014-01-01T03:00:00Z,-33.36953799,147.95770500,-48.0,-48.0,150.173
1,2014-01-01T03:00:05Z,-33.36934699,147.95861700,-43.0,-43.0,150.156
1,2014-01-01T03:00:10Z,-33.36882099,147.95913699,-38.0,-38.0,150.188
1,2014-01-01T03:00:15Z,-33.36819400,147.95898600,-33.0,-33.0,150.257
1,2014-01-01T03:00:20Z,-33.36798199,147.95836900,-28.0,-28.0,150.303
1,2014-01-01T03:00:25Z,-33.36858000,147.95797799,-23.0,-23.0,150.258
1,2014-01-01T03:00:30Z,-33.36923600,147.95792800,-18.0,-18.0,150.195
1,2014-01-01T03:00:35Z,-33.36996500,147.95814799,-13.0,-13.0,150.113
1,2014-01-01T03:00:40Z,-33.37061099,147.95847100,-8.0,-8.0,150.035
1,2014-01-01T03:00:45Z,-33.37126800,147.95888700,-3.0,-3.0,149.952
1,2014-01-01T03:00:50Z,-33.37194999,147.95938599,2.0,2.0,149.864
1,2014-01-01T03:00:55Z,-33.37267500,147.95960299,7.0,7.0,149.782
1,2014-01-01T03:01:00Z,-33.37336799,147.95976400,12.0,12.0,149.706
1,2014-01-01T03:01:05Z,-33.37403100,147.96009200,17.0,17.0,149.627
1,2014-01-01T03:01:10Z,-33.37467199,147.96052000,22.0,22.0,149.545
1,2014-01-01T03:01:15Z,-33.37530799,147.96099799,27.0,27.0,149.462
1,2014-01-01T03:01:20Z,-33.37601399,147.96149800,32.0,32.0,149.372
1,2014-01-01T03:01:25Z,-33.37677800,147.96201500,37.0,37.0,149.274
1,2014-01-01T03:01:30Z,-33.37754900,147.96249499,42.0,42.0,149.178
1,2014-01-01T03:01:35Z,-33.37833299,147.96314899,47.0,47.0,149.073
1,2014-01-01T03:01:40Z,-33.37920799,147.96363800,52.0,52.0,148.965
1,2014-01-01T03:01:45Z,-33.38009499,147.96398099,57.0,57.0,148.863
1,2014-01-01T03:01:50Z,-33.38104100,147.96425800,62.0,62.0,148.757
1,2014-01-01T03:01:55Z,-33.38196899,147.96460400,67.0,67.0,148.65
1,2014-01-01T03:02:00Z,-33.38280300,147.96503400,72.0,72.0,148.549
1,2014-01-01T03:02:05Z,-33.38350499,147.96562800,77.0,77.0,148.455
1,2014-01-01T03:02:10Z,-33.38426100,147.96625599,82.0,82.0,148.354
1,2014-01-01T03:02:15Z,-33.38507700,147.96666700,87.0,87.0,148.255
1,2014-01-01T03:02:20Z,-33.38595999,147.96693500,92.0,92.0,148.156
1,2014-01-01T03:02:25Z,-33.38676099,147.96692899,97.0,97.0,148.076
1,2014-01-01T03:02:30Z,-33.38739300,147.96675500,102.0,102.0,148.019
1,2014-01-01T03:02:35Z,-33.38812200,147.96659999,107.0,107.0,147.952
1,2014-01-01T03:02:40Z,-33.38896799,147.96659500,112.0,112.0,147.868
1,2014-01-01T03:02:45Z,-33.38977400,147.96670399,117.0,117.0,147.782
1,2014-01-01T03:02:50Z,-33.39056800,147.96695900,122.0,122.0,147.693
1,2014-01-01T03:02:55Z,-33.39133499,147.96750000,127.0,127.0,147.594
1,2014-01-01T03:03:00Z,-33.39198600,147.96792999,132.0,132.0,147.511
1,2014-01-01T03:03:05Z,-33.39276900,147.96817799,137.0,137.0,147.423
1,2014-01-01T03:03:10Z,-33.39356699,147.96851599,142.0,142.0,147.329
1,2014-01-01T03:03:15Z,-33.39444600,147.96896799,147.0,147.0,147.223
1,2014-01-01T03:03:20Z,-33.39527900,147.96953400,152.0,152.0,147.117
1,2014-01-01T03:03:25Z,-33.39620200,147.96989700,157.0,157.0,147.01
1,2014-01-01T03:03:30Z,-33.39705899,147.97007800,162.0,162.0,146.917
1,2014-01-01T03:03:35Z,-33.39788800,147.97014200,167.0,167.0,146.831
1,2014-01-01T03:03:40Z,-33.39869900,147.97028700,172.0,172.0,146.744
1,2014-01-01T03:03:45Z,-33.39949099,147.97049799,177.0,177.0,146.656
1,2014-01-01T03:03:50Z,-33.40027299,147.97062199,182.0,182.0,146.573
1,2014-01-01T03:03:55Z,-33.40106500,147.97051400,187.0,187.0,146.498
1,2014-01-01T03:04:00Z,-33.40182500,147.97025300,192.0,192.0,146.432
1,2014-01-01T03:04:05Z,-33.40250999,147.97016700,197.0,197.0,146.367
1,2014-01-01T03:04:10Z,-33.40323999,147.97002499,202.0,202.0,146.3
1,2014-01-01T03:04:15Z,-33.40383200,147.96960400,207.0,207.0,146.257
1,2014-01-01T03:04:20Z,-33.40450500,147.96953099,212.0,212.0,146.193
1,2014-01-01T03:04:25Z,-33.40524800,147.97012599,217.0,217.0,146.095
1,2014-01-01T03:04:30Z,-33.40600700,147.97038900,222.0,222.0,146.008
1,2014-01-01T03:04:35Z,-33.40659300,147.97029900,227.0,227.0,145.953
1,2014-01-01T03:04:40Z,-33.40704800,147.97011800,232.0,232.0,145.915
1,2014-01-01T03:04:45Z,-33.40763599,147.97004100,237.0,237.0,145.859
1,2014-01-01T03:04:50Z,-33.40826799,147.97004400,242.0,242.0,145.796
1,2014-01-01T03:04:55Z,-33.40892399,147.97010199,247.0,247.0,145.728
1,2014-01-01T03:05:00Z,-33.40959600,147.97035500,252.0,252.0,145.651
1,2014-01-01T03:05:05Z,-33.41027299,147.97068999,257.0,257.0,145.569
1,2014-01-01T03:05:10Z,-33.41095899,147.97091699,262.0,262.0,145.492
1,2014-01-01T03:05:15Z,-33.41168900,147.97100699,267.0,267.0,145.415
1,2014-01-01T03:05:20Z,-33.41236800,147.97110000,272.0,272.0,145.343
1,2014-01-01T03:05:25Z,-33.41311600,147.97134800,277.0,277.0,145.259
1,2014-01-01T03:05:30Z,-33.41391300,147.97150899,282.0,282.0,145.172
1,2014-01-01T03:05:35Z,-33.41468499,147.97175100,287.0,287.0,145.085
1,2014-01-01T03:05:40Z,-33.41540400,147.97203099,292.0,292.0,145.002
1,2014-01-01T03:05:45Z,-33.41608599,147.97221999,297.0,297.0,144.926
1,2014-01-01T03:05:50Z,-33.41676600,147.97230999,302.0,302.0,144.855
1,2014-01-01T03:05:55Z,-33.41742899,147.97236499,307.0,307.0,144.786
1,2014-01-01T03:06:00Z,-33.41806700,147.97253699,312.0,312.0,144.716
1,2014-01-01T03:06:05Z,-33.41872500,147.97269399,317.0,317.0,144.644
1,2014-01-01T03:06:10Z,-33.41936400,147.97292899,322.0,322.0,144.57
1,2014-01-01T03:06:15Z,-33.42002399,147.97326799,327.0,327.0,144.49
1,2014-01-01T03:06:20Z,-33.42066700,147.97355600,332.0,332.0,144.415
1,2014-01-01T03:06:25Z,-33.42128799,147.97375199,337.0,337.0,144.345
1,2014-01-01T03:06:30Z,-33.42192000,147.97383899,342.0,342.0,144.278
1,2014-01-01T03:06:35Z,-33.42255200,147.97394700,347.0,347.0,144.21
1,2014-01-01T03:06:40Z,-33.42315399,147.97392400,352.0,352.0,144.151
1,2014-01-01T03:06:45Z,-33.42375299,147.97412099,357.0,357.0,144.084
1,2014-01-01T03:06:50Z,-33.42430999,147.97464299,362.0,362.0,144.007
1,2014-01-01T03:06:55Z,-33.42478700,147.97519399,367.0,367.0,143.936
1,2014-01-01T03:07:00Z,-33.42531600,147.97571400,372.0,372.0,143.862
1,2014-01-01T03:07:05Z,-33.42600900,147.97603799,377.0,377.0,143.78
1,2014-01-01T03:07:10Z,-33.42668199,147.97645700,382.0,382.0,143.696
1,2014-01-01T03:07:15Z,-33.42716899,147.97720699,387.0,387.0,143.616
1,2014-01-01T03:07:20Z,-33.42737400,147.97809100,392.0,392.0,143.56
1,2014-01-01T03:07:25Z,-33.42721399,147.97893600,397.0,397.0,143.541
1,2014-01-01T03:07:30Z,-33.42666599,147.97924900,402.0,402.0,143.583
1,2014-01-01T03:07:35Z,-33.42630299,147.97873200,407.0,407.0,143.64
1,2014-01-01T03:07:40Z,-33.42651399,147.97809699,412.0,412.0,143.645
1,2014-01-01T03:07:45Z,-33.42704700,147.97775899,417.0,417.0,143.606
1,2014-01-01T03:07:50Z,-33.42770699,147.97755699,422.0,422.0,143.548
1,2014-01-01T03:07:55Z,-33.42839800,147.97749400,427.0,427.0,143.482
1,2014-01-01T03:08:00Z,-33.42873699,147.97759899,432.0,432.0,143.444
1,2014-01-01T03:08:05Z,-33.42968499,147.97706400,437.0,437.0,143.371
1,2014-01-01T03:08:10Z,-33.43030000,147.97650100,442.0,442.0,143.333
1,2014-01-01T03:08:15Z,-33.43078200,147.97599600,447.0,447.0,143.306
1,2014-01-01T03:08:20Z,-33.43128000,147.97554600,452.0,452.0,143.275
1,2014-01-01T03:08:25Z,-33.43176600,147.97501700,457.0,457.0,143.249
1,2014-01-01T03:08:30Z,-33.43222500,147.97457399,462.0,462.0,143.221
1,2014-01-01T03:08:35Z,-33.43267900,147.97404299,467.0,467.0,143.198
1,2014-01-01T03:08:40Z,-33.43312399,147.97343699,472.0,472.0,143.179
1,2014-01-01T03:08:45Z,-33.43369299,147.97291799,477.0,477.0,143.144
1,2014-01-01T03:08:50Z,-33.43427400,147.97242700,482.0,482.0,143.107
1,2014-01-01T03:08:55Z,-33.43504000,147.97219200,487.0,487.0,143.041
1,2014-01-01T03:09:00Z,-33.43573700,147.97192000,492.0,492.0,142.983
1,2014-01-01T03:09:05Z,-33.43632099,147.97151999,497.0,497.0,142.942
1,2014-01-01T03:09:10Z,-33.43663000,147.97094000,502.0,502.0,142.936
1,2014-01-01T03:09:15Z,-33.43690899,147.97039399,507.0,507.0,142.931
1,2014-01-01T03:09:20Z,-33.43735699,147.96979899,512.0,512.0,142.912
1,2014-01-01T03:09:25Z,-33.43766099,147.96925200,517.0,517.0,142.905
1,2014-01-01T03:09:30Z,-33.43796700,147.96868200,522.0,522.0,142.898
1,2014-01-01T03:09:35Z,-33.43855500,147.96877100,527.0,527.0,142.836
1,2014-01-01T03:09:40Z,-33.43880500,147.96971800,532.0,532.0,142.772
1,2014-01-01T03:09:45Z,-33.43834900,147.97038100,537.0,537.0,142.789
1,2014-01-01T03:09:50Z,-33.43787300,147.97015300,542.0,542.0,142.846
1,2014-01-01T03:09:55Z,-33.43809900,147.96961300,547.0,547.0,142.846
1,2014-01-01T03:10:00Z,-33.43872400,147.96970500,552.0,552.0,142.78
1,2014-01-01T03:10:05Z,-33.43921799,147.97038200,557.0,557.0,142.703
1,2014-01-01T03:10:10Z,-33.43928499,147.97124400,562.0,562.0,142.66
1,2014-01-01T03:10:15Z,-33.43876199,147.97159300,567.0,567.0,142.697
1,2014-01-01T03:10:20Z,-33.43872199,147.97107099,572.0,572.0,142.723
1,2014-01-01T03:10:25Z,-33.43927399,147.97085000,577.0,577.0,142.677
1,2014-01-01T03:10:30Z,-33.43991199,147.97113500,582.0,582.0,142.602
1,2014-01-01T03:10:35Z,-33.44024900,147.97199900,587.0,587.0,142.532
1,2014-01-01T03:10:40Z,-33.43999199,147.97287499,592.0,592.0,142.521
1,2014-01-01T03:10:45Z,-33.43944299,147.97295299,597.0,597.0,142.572
1,2014-01-01T03:10:50Z,-33.43956299,147.97239700,602.0,602.0,142.584
1,2014-01-01T03:10:55Z,-33.44016100,147.97219999,607.0,607.0,142.533
1,2014-01-01T03:11:00Z,-33.44067299,147.97217000,612.0,612.0,142.483
1,2014-01-01T03:11:05Z,-33.44128099,147.97246000,617.0,617.0,142.411
1,2014-01-01T03:11:10Z,-33.44134199,147.97336400,622.0,622.0,142.367
1,2014-01-01T03:11:15Z,-33.44072700,147.97350299,627.0,627.0,142.422
1,2014-01-01T03:11:20Z,-33.44082499,147.97300100,632.0,632.0,142.433
1,2014-01-01T03:11:25Z,-33.44144899,147.97311700,637.0,637.0,142.366
1,2014-01-01T03:11:30Z,-33.44184099,147.97391099,642.0,642.0,142.294
1,2014-01-01T03:11:35Z,-33.44132599,147.97435100,647.0,647.0,142.327
1,2014-01-01T03:11:40Z,-33.44135800,147.97377499,652.0,652.0,142.348
1,2014-01-01T03:11:45Z,-33.44193400,147.97409500,657.0,657.0,142.277
1,2014-01-01T03:11:50Z,-33.44175599,147.97499199,662.0,662.0,142.257
1,2014-01-01T03:11:55Z,-33.44117200,147.97482199,667.0,667.0,142.322
1,2014-01-01T03:12:00Z,-33.44165399,147.97445400,672.0,672.0,142.29
1,2014-01-01T03:12:05Z,-33.44203900,147.97505499,677.0,677.0,142.227
1,2014-01-01T03:12:10Z,-33.44152700,147.97506500,682.0,682.0,142.277
1,2014-01-01T03:12:15Z,-33.44194999,147.97481799,687.0,687.0,142.245
1,2014-01-01T03:12:20Z,-33.44210000,147.97567900,692.0,692.0,142.194
1,2014-01-01T03:12:25Z,-33.44152100,147.97572700,697.0,697.0,142.25
1,2014-01-01T03:12:30Z,-33.44177299,147.97526099,702.0,702.0,142.244
1,2014-01-01T03:12:35Z,-33.44228499,147.97583000,707.0,707.0,142.17
1,2014-01-01T03:12:40Z,-33.44183699,147.97636800,712.0,712.0,142.192
1,2014-01-01T03:12:45Z,-33.44167199,147.97585599,717.0,717.0,142.229
1,2014-01-01T03:12:50Z,-33.44221499,147.97567699,722.0,722.0,142.183
1,2014-01-01T03:12:55Z,-33.44247099,147.97655900,727.0,727.0,142.121
1,2014-01-01T03:13:00Z,-33.44191099,147.97690399,732.0,732.0,142.162
1,2014-01-01T03:13:05Z,-33.44172300,147.97629200,737.0,737.0,142.206
1,2014-01-01T03:13:10Z,-33.44164800,147.97563400,742.0,742.0,142.241
1,2014-01-01T03:13:15Z,-33.44140000,147.97507100,747.0,747.0,142.289
1,2014-01-01T03:13:20Z,-33.44121700,147.97437899,752.0,752.0,142.336
1,2014-01-01T03:13:25Z,-33.44078400,147.97388100,757.0,757.0,142.4
1,2014-01-01T03:13:30Z,-33.44024999,147.97369599,762.0,762.0,142.461
1,2014-01-01T03:13:35Z,-33.43995699,147.97320500,767.0,767.0,142.511
1,2014-01-01T03:13:40Z,-33.44008300,147.97246000,772.0,772.0,142.529
1,2014-01-01T03:13:45Z,-33.44052899,147.97202500,777.0,777.0,142.504
1,2014-01-01T03:13:50Z,-33.44118799,147.97253000,782.0,782.0,142.417
1,2014-01-01T03:13:55Z,-33.44099800,147.97344799,787.0,787.0,142.397
1,2014-01-01T03:14:00Z,-33.44046199,147.97385199,792.0,792.0,142.433
1,2014-01-01T03:14:05Z,-33.44026900,147.97341700,797.0,797.0,142.471
1,2014-01-01T03:14:10Z,-33.44095699,147.97318500,802.0,802.0,142.412
1,2014-01-01T03:14:15Z,-33.44147199,147.97379599,807.0,807.0,142.336
1,2014-01-01T03:14:20Z,-33.44111000,147.97441900,812.0,812.0,142.345
1,2014-01-01T03:14:25Z,-33.44079700,147.97407400,817.0,817.0,142.391
1,2014-01-01T03:14:30Z,-33.44124200,147.97361000,822.0,822.0,142.366
1,2014-01-01T03:14:35Z,-33.44193599,147.97389200,827.0,827.0,142.286
1,2014-01-01T03:14:40Z,-33.44216099,147.97475900,832.0,832.0,142.227
1,2014-01-01T03:14:45Z,-33.44160000,147.97502299,837.0,837.0,142.271
1,2014-01-01T03:14:50Z,-33.44139899,147.97456199,842.0,842.0,142.311
1,2014-01-01T03:14:55Z,-33.44186799,147.97405699,847.0,847.0,142.285
1,2014-01-01T03:15:00Z,-33.44255400,147.97433399,852.0,852.0,142.206
1,2014-01-01T03:15:05Z,-33.44275499,147.97516999,857.0,857.0,142.151
1,2014-01-01T03:15:10Z,-33.44228799,147.97572400,862.0,862.0,142.174
1,2014-01-01T03:15:15Z,-33.44176800,147.97555099,867.0,867.0,142.233
1,2014-01-01T03:15:20Z,-33.44179100,147.97490400,872.0,872.0,142.257
1,2014-01-01T03:15:25Z,-33.44239699,147.97460799,877.0,877.0,142.21
1,2014-01-01T03:15:30Z,-33.44295999,147.97517300,882.0,882.0,142.13
1,2014-01-01T03:15:35Z,-33.44263200,147.97579300,887.0,887.0,142.137
1,2014-01-01T03:15:40Z,-33.44208900,147.97582800,892.0,892.0,142.189
1,2014-01-01T03:15:45Z,-33.44183600,147.97542300,897.0,897.0,142.231
1,2014-01-01T03:15:50Z,-33.44211500,147.97494000,902.0,902.0,142.224
1,2014-01-01T03:15:55Z,-33.44292099,147.97510500,907.0,907.0,142.137
1,2014-01-01T03:16:00Z,-33.44360999,147.97533699,912.0,912.0,142.059
1,2014-01-01T03:16:05Z,-33.44347499,147.97612799,917.0,917.0,142.039
1,2014-01-01T03:16:10Z,-33.44288499,147.97637599,922.0,922.0,142.087
1,2014-01-01T03:16:15Z,-33.44239100,147.97660600,927.0,927.0,142.127
1,2014-01-01T03:16:20Z,-33.44211399,147.97620399,932.0,932.0,142.171
1,2014-01-01T03:16:25Z,-33.44257999,147.97570500,937.0,937.0,142.146
1,2014-01-01T03:16:30Z,-33.44330800,147.97617199,942.0,942.0,142.054
1,2014-01-01T03:16:35Z,-33.44359299,147.97688500,947.0,947.0,141.996
1,2014-01-01T03:16:40Z,-33.44314899,147.97685300,952.0,952.0,142.041
1,2014-01-01T03:16:45Z,-33.44339099,147.97633500,957.0,957.0,142.039
1,2014-01-01T03:16:50Z,-33.44403599,147.97674100,962.0,962.0,141.958
1,2014-01-01T03:16:55Z,-33.44391499,147.97748400,967.0,967.0,141.939
1,2014-01-01T03:17:00Z,-33.44319899,147.97775999,972.0,972.0,141.998
1,2014-01-01T03:17:05Z,-33.44245000,147.97810200,977.0,977.0,142.058
1,2014-01-01T03:17:10Z,-33.44179900,147.97801999,982.0,982.0,142.126
2,2014-01-01T03:17:15Z,-33.44178899,147.97746399,987.0,987.0,142.151
2,2014-01-01T03:17:20Z,-33.44250699,147.97756000,992.0,992.0,142.075
2,2014-01-01T03:17:25Z,-33.44261399,147.97851900,997.0,997.0,142.025
2,2014-01-01T03:17:30Z,-33.44219999,147.97915399,1002.0,1002.0,142.039
2,2014-01-01T03:17:35Z,-33.44172700,147.97900599,1007.0,1007.0,142.092
2,2014-01-01T03:17:40Z,-33.44234999,147.97897000,1012.0,1012.0,142.032
2,2014-01-01T03:17:45Z,-33.44282700,147.97979399,1017.0,1017.0,141.95
2,2014-01-01T03:17:50Z,-33.44268499,147.98059499,1022.0,1022.0,141.931
2,2014-01-01T03:17:55Z,-33.44234000,147.98037800,1027.0,1027.0,141.974
2,2014-01-01T03:18:00Z,-33.44302600,147.98055700,1032.0,1032.0,141.899
2,2014-01-01T03:18:05Z,-33.44266799,147.98115300,1037.0,1037.0,141.91
2,2014-01-01T03:18:10Z,-33.44279300,147.98081099,1042.0,1042.0,141.911
2,2014-01-01T03:18:15Z,-33.44313100,147.98156199,1047.0,1047.0,141.847
2,2014-01-01T03:18:20Z,-33.44261800,147.98147000,1052.0,1052.0,141.901
2,2014-01-01T03:18:25Z,-33.44312699,147.98117799,1057.0,1057.0,141.863
2,2014-01-01T03:18:30Z,-33.44353100,147.98201700,1062.0,1062.0,141.788
2,2014-01-01T03:18:35Z,-33.44312200,147.98254800,1067.0,1067.0,141.807
2,2014-01-01T03:18:40Z,-33.44351000,147.98217800,1072.0,1072.0,141.783
2,2014-01-01T03:18:45Z,-33.44414299,147.98274900,1077.0,1077.0,141.697
2,2014-01-01T03:18:50Z,-33.44369600,147.98331600,1082.0,1082.0,141.718
2,2014-01-01T03:18:55Z,-33.44350399,147.98285300,1087.0,1087.0,141.756
2,2014-01-01T03:19:00Z,-33.44422800,147.98276699,1092.0,1092.0,141.688
2,2014-01-01T03:19:05Z,-33.44471800,147.98355499,1097.0,1097.0,141.606
2,2014-01-01T03:19:10Z,-33.44436999,147.98424299,1102.0,1102.0,141.612
2,2014-01-01T03:19:15Z,-33.44423900,147.98379600,1107.0,1107.0,141.644
2,2014-01-01T03:19:20Z,-33.44495799,147.98366999,1112.0,1112.0,141.578
2,2014-01-01T03:19:25Z,-33.44529500,147.98447600,1117.0,1117.0,141.511
2,2014-01-01T03:19:30Z,-33.44482699,147.98501400,1122.0,1122.0,141.535
2,2014-01-01T03:19:35Z,-33.44447300,147.98459600,1127.0,1127.0,141.588
2,2014-01-01T03:19:40Z,-33.44473800,147.98393899,1132.0,1132.0,141.588
2,2014-01-01T03:19:45Z,-33.44543699,147.98375200,1137.0,1137.0,141.526
2,2014-01-01T03:19:50Z,-33.44597999,147.98438100,1142.0,1142.0,141.446
2,2014-01-01T03:19:55Z,-33.44577300,147.98521800,1147.0,1147.0,141.432
2,2014-01-01T03:20:00Z,-33.44521199,147.98518400,1152.0,1152.0,141.49
2,2014-01-01T03:20:05Z,-33.44497100,147.98462799,1157.0,1157.0,141.537
2,2014-01-01T03:20:10Z,-33.44477200,147.98407399,1162.0,1162.0,141.579
2,2014-01-01T03:20:15Z,-33.44454100,147.98357200,1167.0,1167.0,141.623
2,2014-01-01T03:20:20Z,-33.44496699,147.98313899,1172.0,1172.0,141.599
2,2014-01-01T03:20:25Z,-33.44552099,147.98362599,1177.0,1177.0,141.523
2,2014-01-01T03:20:30Z,-33.44498999,147.98419300,1182.0,1182.0,141.553
2,2014-01-01T03:20:35Z,-33.44452100,147.98387299,1187.0,1187.0,141.613
2,2014-01-01T03:20:40Z,-33.44439299,147.98331899,1192.0,1192.0,141.648
2,2014-01-01T03:20:45Z,-33.44482899,147.98300399,1197.0,1197.0,141.618
2,2014-01-01T03:20:50Z,-33.44551500,147.98342800,1202.0,1202.0,141.532
2,2014-01-01T03:20:55Z,-33.44610399,147.98413199,1207.0,1207.0,141.444
2,2014-01-01T03:21:00Z,-33.44682399,147.98464100,1212.0,1212.0,141.352
2,2014-01-01T03:21:05Z,-33.44751000,147.98509000,1217.0,1217.0,141.265
2,2014-01-01T03:21:10Z,-33.44824200,147.98539500,1222.0,1222.0,141.179
2,2014-01-01T03:21:15Z,-33.44891799,147.98579899,1227.0,1227.0,141.095
2,2014-01-01T03:21:20Z,-33.44953499,147.98628099,1232.0,1232.0,141.014
2,2014-01-01T03:21:25Z,-33.45026699,147.98672999,1237.0,1237.0,140.923
2,2014-01-01T03:21:30Z,-33.45100300,147.98728099,1242.0,1242.0,140.827
2,2014-01-01T03:21:35Z,-33.45143800,147.98817500,1247.0,1247.0,140.746
2,2014-01-01T03:21:40Z,-33.45135700,147.98923800,1252.0,1252.0,140.71
2,2014-01-01T03:21:45Z,-33.45161399,147.99020699,1257.0,1257.0,140.645
2,2014-01-01T03:21:50Z,-33.45220799,147.99107799,1262.0,1262.0,140.55
2,2014-01-01T03:21:55Z,-33.45281599,147.99199899,1267.0,1267.0,140.451
2,2014-01-01T03:22:00Z,-33.45355200,147.99269200,1272.0,1272.0,140.35
2,2014-01-01T03:22:05Z,-33.45433899,147.99302099,1277.0,1277.0,140.258
2,2014-01-01T03:22:10Z,-33.45509200,147.99318800,1282.0,1282.0,140.176
2,2014-01-01T03:22:15Z,-33.45591699,147.99342300,1287.0,1287.0,140.084
2,2014-01-01T03:22:20Z,-33.45680099,147.99336099,1292.0,1292.0,139.998
2,2014-01-01T03:22:25Z,-33.45769200,147.99333100,1297.0,1297.0,139.911
2,2014-01-01T03:22:30Z,-33.45841800,147.99315699,1302.0,1302.0,139.846
2,2014-01-01T03:22:35Z,-33.45923799,147.99298300,1307.0,1307.0,139.771
2,2014-01-01T03:22:40Z,-33.46011500,147.99296000,1312.0,1312.0,139.685
2,2014-01-01T03:22:45Z,-33.46105200,147.99287499,1317.0,1317.0,139.595
2,2014-01-01T03:22:50Z,-33.46194299,147.99270799,1322.0,1322.0,139.513
2,2014-01-01T03:22:55Z,-33.46284099,147.99256500,1327.0,1327.0,139.43
2,2014-01-01T03:23:00Z,-33.46370199,147.99236999,1332.0,1332.0,139.352
2,2014-01-01T03:23:05Z,-33.46444600,147.99238500,1337.0,1337.0,139.278
2,2014-01-01T03:23:10Z,-33.46528699,147.99229399,1342.0,1342.0,139.198
2,2014-01-01T03:23:15Z,-33.46617799,147.99200700,1347.0,1347.0,139.122
2,2014-01-01T03:23:20Z,-33.46709200,147.99181699,1352.0,1352.0,139.039
2,2014-01-01T03:23:25Z,-33.46800199,147.99165300,1357.0,1357.0,138.955
2,2014-01-01T03:23:30Z,-33.46888799,147.99148500,1362.0,1362.0,138.874
2,2014-01-01T03:23:35Z,-33.46976800,147.99118500,1367.0,1367.0,138.8
2,2014-01-01T03:23:40Z,-33.47051700,147.99073899,1372.0,1372.0,138.744
2,2014-01-01T03:23:45Z,-33.47137299,147.99040700,1377.0,1377.0,138.674
2,2014-01-01T03:23:50Z,-33.47217299,147.99000300,1382.0,1382.0,138.611
2,2014-01-01T03:23:55Z,-33.47286900,147.98964699,1387.0,1387.0,138.558
2,2014-01-01T03:24:00Z,-33.47350699,147.98944700,1392.0,1392.0,138.503
2,2014-01-01T03:24:05Z,-33.47403400,147.98912000,1397.0,1397.0,138.465
2,2014-01-01T03:24:10Z,-33.47445400,147.98874200,1402.0,1402.0,138.439
2,2014-01-01T03:24:15Z,-33.47492900,147.98838000,1407.0,1407.0,138.408
2,2014-01-01T03:24:20Z,-33.47541199,147.98892699,1412.0,1412.0,138.337
2,2014-01-01T03:24:25Z,-33.47498399,147.98962099,1417.0,1417.0,138.349
2,2014-01-01T03:24:30Z,-33.47437200,147.98963200,1422.0,1422.0,138.41
2,2014-01-01T03:24:35Z,-33.47461899,147.98910000,1427.0,1427.0,138.408
2,2014-01-01T03:24:40Z,-33.47500300,147.98969099,1432.0,1432.0,138.345
2,2014-01-01T03:24:45Z,-33.47444099,147.99010200,1437.0,1437.0,138.383
2,2014-01-01T03:24:50Z,-33.47443400,147.98955900,1442.0,1442.0,138.406
2,2014-01-01T03:24:55Z,-33.47501799,147.98933199,1447.0,1447.0,138.358
2,2014-01-01T03:25:00Z,-33.47560899,147.98901699,1452.0,1452.0,138.313
2,2014-01-01T03:25:05Z,-33.47618700,147.98875799,1457.0,1457.0,138.267
2,2014-01-01T03:25:10Z,-33.47662799,147.98919000,1462.0,1462.0,138.205
2,2014-01-01T03:25:15Z,-33.47611700,147.98930899,1467.0,1467.0,138.251
2,2014-01-01T03:25:20Z,-33.47634000,147.98876300,1472.0,1472.0,138.252
2,2014-01-01T03:25:25Z,-33.47691100,147.98887400,1477.0,1477.0,138.191
2,2014-01-01T03:25:30Z,-33.47699399,147.98979299,1482.0,1482.0,138.144
2,2014-01-01T03:25:35Z,-33.47653700,147.99034399,1487.0,1487.0,138.165
2,2014-01-01T03:25:40Z,-33.47642900,147.98977400,1492.0,1492.0,138.2
2,2014-01-01T03:25:45Z,-33.47707400,147.98993400,1497.0,1497.0,138.13
2,2014-01-01T03:25:50Z,-33.47747400,147.99068900,1502.0,1502.0,138.058
2,2014-01-01T03:25:55Z,-33.47714599,147.99130900,1507.0,1507.0,138.064
2,2014-01-01T03:26:00Z,-33.47688200,147.99076299,1512.0,1512.0,138.113
2,2014-01-01T03:26:05Z,-33.47751199,147.99066600,1517.0,1517.0,138.055
2,2014-01-01T03:26:10Z,-33.47776700,147.99151200,1522.0,1522.0,137.994
2,2014-01-01T03:26:15Z,-33.47744699,147.99218200,1527.0,1527.0,137.997
2,2014-01-01T03:26:20Z,-33.47691400,147.99191500,1532.0,1532.0,138.061
2,2014-01-01T03:26:25Z,-33.47709600,147.99119099,1537.0,1537.0,138.074
2,2014-01-01T03:26:30Z,-33.47768500,147.99082400,1542.0,1542.0,138.031
2,2014-01-01T03:26:35Z,-33.47833800,147.99106800,1547.0,1547.0,137.956
2,2014-01-01T03:26:40Z,-33.47807399,147.99154100,1552.0,1552.0,137.962
2,2014-01-01T03:26:45Z,-33.47784800,147.99103400,1557.0,1557.0,138.006
2,2014-01-01T03:26:50Z,-33.47829099,147.99076900,1562.0,1562.0,137.974
2,2014-01-01T03:26:55Z,-33.47873899,147.99143300,1567.0,1567.0,137.901
2,2014-01-01T03:27:00Z,-33.47833399,147.99225200,1572.0,1572.0,137.907
2,2014-01-01T03:27:05Z,-33.47797400,147.99302499,1577.0,1577.0,137.909
2,2014-01-01T03:27:10Z,-33.47752100,147.99347199,1582.0,1582.0,137.935
2,2014-01-01T03:27:15Z,-33.47690999,147.99331300,1587.0,1587.0,138.003
2,2014-01-01T03:27:20Z,-33.47655600,147.99261000,1592.0,1592.0,138.067
2,2014-01-01T03:27:25Z,-33.47648099,147.99197599,1597.0,1597.0,138.102
2,2014-01-01T03:27:30Z,-33.47697200,147.99179899,1602.0,1602.0,138.061
2,2014-01-01T03:27:35Z,-33.47710399,147.99281300,1607.0,1607.0,138.005
2,2014-01-01T03:27:40Z,-33.47646799,147.99304900,1612.0,1612.0,138.058
2,2014-01-01T03:27:45Z,-33.47633499,147.99250200,1617.0,1617.0,138.094
2,2014-01-01T03:27:50Z,-33.47692200,147.99258100,1622.0,1622.0,138.032
2,2014-01-01T03:27:55Z,-33.47688399,147.99342699,1627.0,1627.0,138.0
2,2014-01-01T03:28:00Z,-33.47625000,147.99346099,1632.0,1632.0,138.062
2,2014-01-01T03:28:05Z,-33.47646199,147.99291700,1637.0,1637.0,138.064
2,2014-01-01T03:28:10Z,-33.47711199,147.99279100,1642.0,1642.0,138.005
2,2014-01-01T03:28:15Z,-33.47755599,147.99239199,1647.0,1647.0,137.978
2,2014-01-01T03:28:20Z,-33.47804299,147.99198599,1652.0,1652.0,137.947
2,2014-01-01T03:28:25Z,-33.47866700,147.99252999,1657.0,1657.0,137.862
2,2014-01-01T03:28:30Z,-33.47837299,147.99329000,1662.0,1662.0,137.859
2,2014-01-01T03:28:35Z,-33.47795500,147.99296699,1667.0,1667.0,137.914
2,2014-01-01T03:28:40Z,-33.47858000,147.99268499,1672.0,1672.0,137.864
2,2014-01-01T03:28:45Z,-33.47899100,147.99351100,1677.0,1677.0,137.788
2,2014-01-01T03:28:50Z,-33.47849300,147.99416199,1682.0,1682.0,137.81
2,2014-01-01T03:28:55Z,-33.47799700,147.99381099,1687.0,1687.0,137.874
2,2014-01-01T03:29:00Z,-33.47805499,147.99321499,1692.0,1692.0,137.893
2,2014-01-01T03:29:05Z,-33.47869699,147.99309199,1697.0,1697.0,137.835
2,2014-01-01T03:29:10Z,-33.47917600,147.99389899,1702.0,1702.0,137.754
2,2014-01-01T03:29:15Z,-33.47878299,147.99471700,1707.0,1707.0,137.758
2,2014-01-01T03:29:20Z,-33.47813699,147.99480399,1712.0,1712.0,137.818
2,2014-01-01T03:29:25Z,-33.47793500,147.99430399,1717.0,1717.0,137.859
2,2014-01-01T03:29:30Z,-33.47852799,147.99430799,1722.0,1722.0,137.8
2,2014-01-01T03:29:35Z,-33.47874000,147.99525399,1727.0,1727.0,137.74
2,2014-01-01T03:29:40Z,-33.47814400,147.99589199,1732.0,1732.0,137.772
2,2014-01-01T03:29:45Z,-33.47747100,147.99604299,1737.0,1737.0,137.832
2,2014-01-01T03:29:50Z,-33.47696599,147.99576099,1742.0,1742.0,137.894
2,2014-01-01T03:29:55Z,-33.47733300,147.99528799,1747.0,1747.0,137.877
2,2014-01-01T03:30:00Z,-33.47788599,147.99597399,1752.0,1752.0,137.794
2,2014-01-01T03:30:05Z,-33.47751699,147.99672799,1757.0,1757.0,137.799
2,2014-01-01T03:30:10Z,-33.47681899,147.99694999,1762.0,1762.0,137.859
2,2014-01-01T03:30:15Z,-33.47621900,147.99685600,1767.0,1767.0,137.922
2,2014-01-01T03:30:20Z,-33.47639099,147.99636599,1772.0,1772.0,137.926
2,2014-01-01T03:30:25Z,-33.47697200,147.99691200,1777.0,1777.0,137.845
2,2014-01-01T03:30:30Z,-33.47658400,147.99771100,1782.0,1782.0,137.85
2,2014-01-01T03:30:35Z,-33.47582299,147.99788599,1787.0,1787.0,137.918
2,2014-01-01T03:30:40Z,-33.47516099,147.99808500,1792.0,1792.0,137.976
2,2014-01-01T03:30:45Z,-33.47457699,147.99798300,1797.0,1797.0,138.038
2,2014-01-01T03:30:50Z,-33.47451900,147.99751100,1802.0,1802.0,138.064
2,2014-01-01T03:30:55Z,-33.47508799,147.99779200,1807.0,1807.0,137.995
2,2014-01-01T03:31:00Z,-33.47501499,147.99877399,1812.0,1812.0,137.962
2,2014-01-01T03:31:05Z,-33.47436600,147.99895799,1817.0,1817.0,138.018
2,2014-01-01T03:31:10Z,-33.47370800,147.99899400,1822.0,1822.0,138.082
2,2014-01-01T03:31:15Z,-33.47332300,147.99879100,1827.0,1827.0,138.129
2,2014-01-01T03:31:20Z,-33.47377399,147.99863400,1832.0,1832.0,138.091
2,2014-01-01T03:31:25Z,-33.47416700,147.99952600,1837.0,1837.0,138.015
2,2014-01-01T03:31:30Z,-33.47373000,148.00033600,1842.0,1842.0,138.025
2,2014-01-01T03:31:35Z,-33.47308499,148.00033400,1847.0,1847.0,138.089
2,2014-01-01T03:31:40Z,-33.47294300,147.99994799,1852.0,1852.0,138.119
2,2014-01-01T03:31:45Z,-33.47346999,147.99979400,1857.0,1857.0,138.073
2,2014-01-01T03:31:50Z,-33.47387599,148.00066799,1862.0,1862.0,137.996
2,2014-01-01T03:31:55Z,-33.47349700,148.00163399,1867.0,1867.0,137.994
2,2014-01-01T03:32:00Z,-33.47285999,148.00183799,1872.0,1872.0,138.049
2,2014-01-01T03:32:05Z,-33.47299499,148.00141199,1877.0,1877.0,138.053
2,2014-01-01T03:32:10Z,-33.47360499,148.00179600,1882.0,1882.0,137.977
2,2014-01-01T03:32:15Z,-33.47379200,148.00298300,1887.0,1887.0,137.909
2,2014-01-01T03:32:20Z,-33.47418299,148.00376800,1892.0,1892.0,137.838
2,2014-01-01T03:32:25Z,-33.47488200,148.00426300,1897.0,1897.0,137.748
2,2014-01-01T03:32:30Z,-33.47550100,148.00487400,1902.0,1902.0,137.661
2,2014-01-01T03:32:35Z,-33.47615900,148.00547599,1907.0,1907.0,137.571
2,2014-01-01T03:32:40Z,-33.47688800,148.00584499,1912.0,1912.0,137.483
2,2014-01-01T03:32:45Z,-33.47756100,148.00611299,1917.0,1917.0,137.405
2,2014-01-01T03:32:50Z,-33.47827800,148.00668699,1922.0,1922.0,137.31
2,2014-01-01T03:32:55Z,-33.47891800,148.00731799,1927.0,1927.0,137.22
2,2014-01-01T03:33:00Z,-33.47964199,148.00796900,1932.0,1932.0,137.121
2,2014-01-01T03:33:05Z,-33.48026300,148.00873300,1937.0,1937.0,137.028
2,2014-01-01T03:33:10Z,-33.48097700,148.00934200,1942.0,1942.0,136.931
2,2014-01-01T03:33:15Z,-33.48178300,148.00979699,1947.0,1947.0,136.832
2,2014-01-01T03:33:20Z,-33.48255499,148.01043999,1952.0,1952.0,136.729
2,2014-01-01T03:33:25Z,-33.48330399,148.01118600,1957.0,1957.0,136.624
2,2014-01-01T03:33:30Z,-33.48402099,148.01193000,1962.0,1962.0,136.522
2,2014-01-01T03:33:35Z,-33.48470300,148.01279800,1967.0,1967.0,136.418
2,2014-01-01T03:33:40Z,-33.48537999,148.01358200,1972.0,1972.0,136.319
2,2014-01-01T03:33:45Z,-33.48600799,148.01415199,1977.0,1977.0,136.233
2,2014-01-01T03:33:50Z,-33.48659200,148.01472100,1982.0,1982.0,136.151
2,2014-01-01T03:33:55Z,-33.48715800,148.01544400,1987.0,1987.0,136.065
2,2014-01-01T03:34:00Z,-33.48778899,148.01608200,1992.0,1992.0,135.976
2,2014-01-01T03:34:05Z,-33.48846999,148.01664500,1997.0,1997.0,135.885
2,2014-01-01T03:34:10Z,-33.48910699,148.01714799,2002.0,2002.0,135.801
2,2014-01-01T03:34:15Z,-33.48986699,148.01785200,2007.0,2007.0,135.696
2,2014-01-01T03:34:20Z,-33.49065399,148.01842099,2012.0,2012.0,135.595
2,2014-01-01T03:34:25Z,-33.49144799,148.01887099,2017.0,2017.0,135.497
2,2014-01-01T03:34:30Z,-33.49218499,148.01945200,2022.0,2022.0,135.4
2,2014-01-01T03:34:35Z,-33.49288099,148.01998499,2027.0,2027.0,135.309
2,2014-01-01T03:34:40Z,-33.49365800,148.02054200,2032.0,2032.0,135.208
2,2014-01-01T03:34:45Z,-33.49443699,148.02103900,2037.0,2037.0,135.11
2,2014-01-01T03:34:50Z,-33.49510699,148.02155200,2042.0,2042.0,135.022
2,2014-01-01T03:34:55Z,-33.49587600,148.02212099,2047.0,2047.0,134.922
2,2014-01-01T03:35:00Z,-33.49653599,148.02277900,2052.0,2052.0,134.83
2,2014-01-01T03:35:05Z,-33.49723300,148.02310900,2057.0,2057.0,134.747
2,2014-01-01T03:35:10Z,-33.49799999,148.02323799,2062.0,2062.0,134.665
2,2014-01-01T03:35:15Z,-33.49882099,148.02361700,2067.0,2067.0,134.567
2,2014-01-01T03:35:20Z,-33.49962299,148.02401199,2072.0,2072.0,134.471
2,2014-01-01T03:35:25Z,-33.50047099,148.02423999,2077.0,2077.0,134.377
2,2014-01-01T03:35:30Z,-33.50129900,148.02427499,2082.0,2082.0,134.293
2,2014-01-01T03:35:35Z,-33.50208899,148.02429200,2087.0,2087.0,134.213
2,2014-01-01T03:35:40Z,-33.50287099,148.02453499,2092.0,2092.0,134.125
2,2014-01-01T03:35:45Z,-33.50366300,148.02466799,2097.0,2097.0,134.041
2,2014-01-01T03:35:50Z,-33.50446999,148.02469800,2102.0,2102.0,133.959
2,2014-01-01T03:35:55Z,-33.50533699,148.02467999,2107.0,2107.0,133.873
2,2014-01-01T03:36:00Z,-33.50616099,148.02475899,2112.0,2112.0,133.788
2,2014-01-01T03:36:05Z,-33.50694800,148.02479500,2117.0,2117.0,133.708
2,2014-01-01T03:36:10Z,-33.50774700,148.02471800,2122.0,2122.0,133.631
2,2014-01-01T03:36:15Z,-33.50853599,148.02463299,2127.0,2127.0,133.556
2,2014-01-01T03:36:20Z,-33.50931800,148.02455000,2132.0,2132.0,133.481
2,2014-01-01T03:36:25Z,-33.51007800,148.02454900,2137.0,2137.0,133.406
2,2014-01-01T03:36:30Z,-33.51070200,148.02449100,2142.0,2142.0,133.346
2,2014-01-01T03:36:35Z,-33.51122099,148.02429699,2147.0,2147.0,133.302
2,2014-01-01T03:36:40Z,-33.51145499,148.02388500,2152.0,2152.0,133.296
2,2014-01-01T03:36:45Z,-33.51086800,148.02383399,2157.0,2157.0,133.357
2,2014-01-01T03:36:50Z,-33.51065400,148.02483300,2162.0,2162.0,133.337
2,2014-01-01T03:36:55Z,-33.51119800,148.02547500,2167.0,2167.0,133.256
2,2014-01-01T03:37:00Z,-33.51151099,148.02521600,2172.0,2172.0,133.236
2,2014-01-01T03:37:05Z,-33.51094899,148.02502699,2177.0,2177.0,133.299
2,2014-01-01T03:37:10Z,-33.51063299,148.02599799,2182.0,2182.0,133.291
2,2014-01-01T03:37:15Z,-33.51112799,148.02659299,2187.0,2187.0,133.217
2,2014-01-01T03:37:20Z,-33.51131399,148.02624199,2192.0,2192.0,133.213
2,2014-01-01T03:37:25Z,-33.51061200,148.02620899,2197.0,2197.0,133.284
2,2014-01-01T03:37:30Z,-33.51030099,148.02722099,2202.0,2202.0,133.274
2,2014-01-01T03:37:35Z,-33.51077000,148.02783299,2207.0,2207.0,133.202
2,2014-01-01T03:37:40Z,-33.51095000,148.02740600,2212.0,2212.0,133.202
2,2014-01-01T03:37:45Z,-33.51025800,148.02728300,2217.0,2217.0,133.276
2,2014-01-01T03:37:50Z,-33.50984100,148.02830800,2222.0,2222.0,133.275
2,2014-01-01T03:37:55Z,-33.51028600,148.02899500,2227.0,2227.0,133.203
2,2014-01-01T03:38:00Z,-33.51055699,148.02869200,2232.0,2232.0,133.188
2,2014-01-01T03:38:05Z,-33.51013499,148.02826999,2237.0,2237.0,133.248
2,2014-01-01T03:38:10Z,-33.50931700,148.02862999,2242.0,2242.0,133.315
2,2014-01-01T03:38:15Z,-33.50913400,148.02967100,2247.0,2247.0,133.29
2,2014-01-01T03:38:20Z,-33.50960400,148.03018199,2252.0,2252.0,133.223
2,2014-01-01T03:38:25Z,-33.50975999,148.02981399,2257.0,2257.0,133.222
2,2014-01-01T03:38:30Z,-33.50918999,148.02952500,2262.0,2262.0,133.291
2,2014-01-01T03:38:35Z,-33.50854999,148.03024899,2267.0,2267.0,133.325
2,2014-01-01T03:38:40Z,-33.50831800,148.03136699,2272.0,2272.0,133.303
2,2014-01-01T03:38:45Z,-33.50846599,148.03236400,2277.0,2277.0,133.248
2,2014-01-01T03:38:50Z,-33.50902200,148.03264899,2282.0,2282.0,133.181
2,2014-01-01T03:38:55Z,-33.50909899,148.03215599,2287.0,2287.0,133.193
2,2014-01-01T03:39:00Z,-33.50856199,148.03175300,2292.0,2292.0,133.263
2,2014-01-01T03:39:05Z,-33.50786099,148.03154599,2297.0,2297.0,133.342
2,2014-01-01T03:39:10Z,-33.50727499,148.03134000,2302.0,2302.0,133.409
2,2014-01-01T03:39:15Z,-33.50682299,148.03105999,2307.0,2307.0,133.465
2,2014-01-01T03:39:20Z,-33.50648799,148.03051099,2312.0,2312.0,133.521
2,2014-01-01T03:39:25Z,-33.50646400,148.02991700,2317.0,2317.0,133.547
2,2014-01-01T03:39:30Z,-33.50659199,148.02943500,2322.0,2322.0,133.554
2,2014-01-01T03:39:35Z,-33.50708900,148.02934799,2327.0,2327.0,133.508
2,2014-01-01T03:39:40Z,-33.50768500,148.02991000,2332.0,2332.0,133.426
2,2014-01-01T03:39:45Z,-33.50823400,148.03068600,2337.0,2337.0,133.339
2,2014-01-01T03:39:50Z,-33.50871500,148.03146399,2342.0,2342.0,133.26
2,2014-01-01T03:39:55Z,-33.50885099,148.03244599,2347.0,2347.0,133.206
2,2014-01-01T03:40:00Z,-33.50822900,148.03318600,2352.0,2352.0,133.239
2,2014-01-01T03:40:05Z,-33.50756799,148.03304199,2357.0,2357.0,133.311
2,2014-01-01T03:40:10Z,-33.50745799,148.03254499,2362.0,2362.0,133.342
2,2014-01-01T03:40:15Z,-33.50786099,148.03214600,2367.0,2367.0,133.318
2,2014-01-01T03:40:20Z,-33.50847499,148.03202200,2372.0,2372.0,133.261
2,2014-01-01T03:40:25Z,-33.50909099,148.03216900,2377.0,2377.0,133.194
2,2014-01-01T03:40:30Z,-33.50929099,148.03304600,2382.0,2382.0,133.138
2,2014-01-01T03:40:35Z,-33.50863499,148.03352100,2387.0,2387.0,133.185
2,2014-01-01T03:40:40Z,-33.50836600,148.03303999,2392.0,2392.0,133.231
2,2014-01-01T03:40:45Z,-33.50890100,148.03308499,2397.0,2397.0,133.176
2,2014-01-01T03:40:50Z,-33.50875299,148.03405100,2402.0,2402.0,133.152
2,2014-01-01T03:40:55Z,-33.50809100,148.03408699,2407.0,2407.0,133.216
2,2014-01-01T03:41:00Z,-33.50813899,148.03354699,2412.0,2412.0,133.233
2,2014-01-01T03:41:05Z,-33.50871000,148.03376399,2417.0,2417.0,133.167
2,2014-01-01T03:41:10Z,-33.50875700,148.03475299,2422.0,2422.0,133.123
2,2014-01-01T03:41:15Z,-33.50812400,148.03524999,2427.0,2427.0,133.167
2,2014-01-01T03:41:20Z,-33.50773099,148.03483700,2432.0,2432.0,133.223
2,2014-01-01T03:41:25Z,-33.50817200,148.03443899,2437.0,2437.0,133.194
2,2014-01-01T03:41:30Z,-33.50869300,148.03494499,2442.0,2442.0,133.122
2,2014-01-01T03:41:35Z,-33.50847100,148.03595200,2447.0,2447.0,133.104
2,2014-01-01T03:41:40Z,-33.50777200,148.03611200,2452.0,2452.0,133.167
2,2014-01-01T03:41:45Z,-33.50765700,148.03555600,2457.0,2457.0,133.201
2,2014-01-01T03:41:50Z,-33.50826200,148.03548299,2462.0,2462.0,133.143
2,2014-01-01T03:41:55Z,-33.50850499,148.03632200,2467.0,2467.0,133.085
2,2014-01-01T03:42:00Z,-33.50793500,148.03710300,2472.0,2472.0,133.112
2,2014-01-01T03:42:05Z,-33.50735000,148.03698499,2477.0,2477.0,133.175
2,2014-01-01T03:42:10Z,-33.50743800,148.03653700,2482.0,2482.0,133.184
2,2014-01-01T03:42:15Z,-33.50802300,148.03666799,2487.0,2487.0,133.12
2,2014-01-01T03:42:20Z,-33.50820399,148.03757899,2492.0,2492.0,133.066
2,2014-01-01T03:42:25Z,-33.50756899,148.03814299,2497.0,2497.0,133.107
2,2014-01-01T03:42:30Z,-33.50712800,148.03777500,2502.0,2502.0,133.166
2,2014-01-01T03:42:35Z,-33.50743500,148.03740500,2507.0,2507.0,133.15
2,2014-01-01T03:42:40Z,-33.50805499,148.03768800,2512.0,2512.0,133.076
2,2014-01-01T03:42:45Z,-33.50867399,148.03824199,2517.0,2517.0,132.992
2,2014-01-01T03:42:50Z,-33.50935900,148.03888799,2522.0,2522.0,132.897
2,2014-01-01T03:42:55Z,-33.51006300,148.03919700,2527.0,2527.0,132.814
2,2014-01-01T03:43:00Z,-33.51074599,148.03961899,2532.0,2532.0,132.729
2,2014-01-01T03:43:05Z,-33.51152600,148.04015499,2537.0,2537.0,132.629
2,2014-01-01T03:43:10Z,-33.51225500,148.04083499,2542.0,2542.0,132.529
2,2014-01-01T03:43:15Z,-33.51290399,148.04133699,2547.0,2547.0,132.444
2,2014-01-01T03:43:20Z,-33.51355199,148.04193799,2552.0,2552.0,132.355
2,2014-01-01T03:43:25Z,-33.51417899,148.04259899,2557.0,2557.0,132.266
2,2014-01-01T03:43:30Z,-33.51485399,148.04294899,2562.0,2562.0,132.184
2,2014-01-01T03:43:35Z,-33.51557499,148.04328799,2567.0,2567.0,132.098
2,2014-01-01T03:43:40Z,-33.51628699,148.04380900,2572.0,2572.0,132.006
2,2014-01-01T03:43:45Z,-33.51704000,148.04424199,2577.0,2577.0,131.913
2,2014-01-01T03:43:50Z,-33.51774400,148.04459800,2582.0,2582.0,131.828
2,2014-01-01T03:43:55Z,-33.51836600,148.04532199,2587.0,2587.0,131.737
2,2014-01-01T03:44:00Z,-33.51892099,148.04622900,2592.0,2592.0,131.645
2,2014-01-01T03:44:05Z,-33.51966099,148.04652999,2597.0,2597.0,131.559
2,2014-01-01T03:44:10Z,-33.52032899,148.04669499,2602.0,2602.0,131.485
2,2014-01-01T03:44:15Z,-33.52109999,148.04688999,2607.0,2607.0,131.4
2,2014-01-01T03:44:20Z,-33.52184400,148.04718600,2612.0,2612.0,131.314
2,2014-01-01T03:44:25Z,-33.52264399,148.04741100,2617.0,2617.0,131.224
2,2014-01-01T03:44:30Z,-33.52340399,148.04753700,2622.0,2622.0,131.143
2,2014-01-01T03:44:35Z,-33.52414600,148.04777500,2627.0,2627.0,131.059
2,2014-01-01T03:44:40Z,-33.52494500,148.04822100,2632.0,2632.0,130.961
2,2014-01-01T03:44:45Z,-33.52568300,148.04863399,2637.0,2637.0,130.87
2,2014-01-01T03:44:50Z,-33.52646099,148.04892100,2642.0,2642.0,130.781
2,2014-01-01T03:44:55Z,-33.52726499,148.04922300,2647.0,2647.0,130.688
2,2014-01-01T03:45:00Z,-33.52800599,148.04955899,2652.0,2652.0,130.6
2,2014-01-01T03:45:05Z,-33.52879099,148.04989499,2657.0,2657.0,130.508
2,2014-01-01T03:45:10Z,-33.52945400,148.05033299,2662.0,2662.0,130.424
2,2014-01-01T03:45:15Z,-33.53017499,148.05066199,2667.0,2667.0,130.338
2,2014-01-01T03:45:20Z,-33.53087299,148.05075400,2672.0,2672.0,130.265
2,2014-01-01T03:45:25Z,-33.53155900,148.05088900,2677.0,2677.0,130.19
2,2014-01-01T03:45:30Z,-33.53224199,148.05106000,2682.0,2682.0,130.115
2,2014-01-01T03:45:35Z,-33.53300699,148.05117899,2687.0,2687.0,130.033
2,2014-01-01T03:45:40Z,-33.53372499,148.05139700,2692.0,2692.0,129.953
2,2014-01-01T03:45:45Z,-33.53448399,148.05170599,2697.0,2697.0,129.864
2,2014-01-01T03:45:50Z,-33.53522699,148.05196900,2702.0,2702.0,129.779
2,2014-01-01T03:45:55Z,-33.53599400,148.05209199,2707.0,2707.0,129.697
2,2014-01-01T03:46:00Z,-33.53679400,148.05223599,2712.0,2712.0,129.611
2,2014-01-01T03:46:05Z,-33.53755799,148.05249399,2717.0,2717.0,129.524
2,2014-01-01T03:46:10Z,-33.53836299,148.05269799,2722.0,2722.0,129.435
2,2014-01-01T03:46:15Z,-33.53921199,148.05275599,2727.0,2727.0,129.348
2,2014-01-01T03:46:20Z,-33.53997900,148.05281500,2732.0,2732.0,129.269
2,2014-01-01T03:46:25Z,-33.54079899,148.05297200,2737.0,2737.0,129.18
2,2014-01-01T03:46:30Z,-33.54161599,148.05329299,2742.0,2742.0,129.085
2,2014-01-01T03:46:35Z,-33.54226500,148.05322599,2747.0,2747.0,129.023
2,2014-01-01T03:46:40Z,-33.54277600,148.05331300,2752.0,2752.0,128.968
2,2014-01-01T03:46:45Z,-33.54344799,148.05361199,2757.0,2757.0,128.889
2,2014-01-01T03:46:50Z,-33.54424199,148.05398999,2762.0,2762.0,128.794
2,2014-01-01T03:46:55Z,-33.54509600,148.05419800,2767.0,2767.0,128.7
2,2014-01-01T03:47:00Z,-33.54592600,148.05421899,2772.0,2772.0,128.616
2,2014-01-01T03:47:05Z,-33.54673900,148.05445499,2777.0,2777.0,128.525
2,2014-01-01T03:47:10Z,-33.54764800,148.05482599,2782.0,2782.0,128.42
2,2014-01-01T03:47:15Z,-33.54852600,148.05503600,2787.0,2787.0,128.323
2,2014-01-01T03:47:20Z,-33.54933299,148.05538500,2792.0,2792.0,128.228
2,2014-01-01T03:47:25Z,-33.55022199,148.05556100,2797.0,2797.0,128.132
2,2014-01-01T03:47:30Z,-33.55104399,148.05571299,2802.0,2802.0,128.044
2,2014-01-01T03:47:35Z,-33.55186700,148.05603500,2807.0,2807.0,127.949
2,2014-01-01T03:47:40Z,-33.55272999,148.05629999,2812.0,2812.0,127.851
2,2014-01-01T03:47:45Z,-33.55343599,148.05623600,2817.0,2817.0,127.783
2,2014-01-01T03:47:50Z,-33.55413300,148.05627200,2822.0,2822.0,127.712
2,2014-01-01T03:47:55Z,-33.55484799,148.05628600,2827.0,2827.0,127.64
2,2014-01-01T03:48:00Z,-33.55555100,148.05615599,2832.0,2832.0,127.575
2,2014-01-01T03:48:05Z,-33.55635500,148.05597599,2837.0,2837.0,127.502
2,2014-01-01T03:48:10Z,-33.55722699,148.05595400,2842.0,2842.0,127.416
2,2014-01-01T03:48:15Z,-33.55808700,148.05590000,2847.0,2847.0,127.333
2,2014-01-01T03:48:20Z,-33.55901899,148.05570800,2852.0,2852.0,127.247
2,2014-01-01T03:48:25Z,-33.55984000,148.05568800,2857.0,2857.0,127.166
2,2014-01-01T03:48:30Z,-33.56067699,148.05568900,2862.0,2862.0,127.083
2,2014-01-01T03:48:35Z,-33.56165099,148.05579900,2867.0,2867.0,126.981
2,2014-01-01T03:48:40Z,-33.56263200,148.05594899,2872.0,2872.0,126.877
2,2014-01-01T03:48:45Z,-33.56352100,148.05609699,2877.0,2877.0,126.783
2,2014-01-01T03:48:50Z,-33.56439799,148.05632600,2882.0,2882.0,126.686
2,2014-01-01T03:48:55Z,-33.56530599,148.05652900,2887.0,2887.0,126.587
2,2014-01-01T03:49:00Z,-33.56623199,148.05650199,2892.0,2892.0,126.496
2,2014-01-01T03:49:05Z,-33.56719900,148.05647899,2897.0,2897.0,126.401
2,2014-01-01T03:49:10Z,-33.56823099,148.05633199,2902.0,2902.0,126.304
2,2014-01-01T03:49:15Z,-33.56923100,148.05614900,2907.0,2907.0,126.213
2,2014-01-01T03:49:20Z,-33.57020399,148.05609499,2912.0,2912.0,126.118
2,2014-01-01T03:49:25Z,-33.57120199,148.05622299,2917.0,2917.0,126.014
2,2014-01-01T03:49:30Z,-33.57222300,148.05639500,2922.0,2922.0,125.905
2,2014-01-01T03:49:35Z,-33.57324599,148.05642000,2927.0,2927.0,125.803
2,2014-01-01T03:49:40Z,-33.57420900,148.05639099,2932.0,2932.0,125.708
2,2014-01-01T03:49:45Z,-33.57514599,148.05635499,2937.0,2937.0,125.617
2,2014-01-01T03:49:50Z,-33.57614600,148.05653200,2942.0,2942.0,125.51
2,2014-01-01T03:49:55Z,-33.57709700,148.05661100,2947.0,2947.0,125.413
2,2014-01-01T03:50:00Z,-33.57801500,148.05659299,2952.0,2952.0,125.323
2,2014-01-01T03:50:05Z,-33.57890900,148.05663799,2957.0,2957.0,125.232
2,2014-01-01T03:50:10Z,-33.57985099,148.05680899,2962.0,2962.0,125.132
2,2014-01-01T03:50:15Z,-33.58076700,148.05671399,2967.0,2967.0,125.045
2,2014-01-01T03:50:20Z,-33.58173299,148.05663599,2972.0,2972.0,124.953
2,2014-01-01T03:50:25Z,-33.58275499,148.05668800,2977.0,2977.0,124.849
2,2014-01-01T03:50:30Z,-33.58374299,148.05682899,2982.0,2982.0,124.746
2,2014-01-01T03:50:35Z,-33.58478199,148.05680899,2987.0,2987.0,124.644
2,2014-01-01T03:50:40Z,-33.58564700,148.05683600,2992.0,2992.0,124.557
2,2014-01-01T03:50:45Z,-33.58659500,148.05713399,2997.0,2997.0,124.451
2,2014-01-01T03:50:50Z,-33.58758900,148.05717500,3002.0,3002.0,124.351
2,2014-01-01T03:50:55Z,-33.58854800,148.05731499,3007.0,3007.0,124.251
2,2014-01-01T03:51:00Z,-33.58951400,148.05750000,3012.0,3012.0,124.147
2,2014-01-01T03:51:05Z,-33.59033399,148.05725200,3017.0,3017.0,124.077
2,2014-01-01T03:51:10Z,-33.59121400,148.05710600,3022.0,3022.0,123.997
2,2014-01-01T03:51:15Z,-33.59200100,148.05696699,3027.0,3027.0,123.925
2,2014-01-01T03:51:20Z,-33.59262499,148.05679699,3032.0,3032.0,123.871
2,2014-01-01T03:51:25Z,-33.59317500,148.05679000,3037.0,3037.0,123.817
2,2014-01-01T03:51:30Z,-33.59360000,148.05668099,3042.0,3042.0,123.78
2,2014-01-01T03:51:35Z,-33.59403999,148.05647600,3047.0,3047.0,123.746
2,2014-01-01T03:51:40Z,-33.59458699,148.05673799,3052.0,3052.0,123.68
2,2014-01-01T03:51:45Z,-33.59488900,148.05750000,3057.0,3057.0,123.618
2,2014-01-01T03:51:50Z,-33.59469599,148.05852100,3062.0,3062.0,123.593
2,2014-01-01T03:51:55Z,-33.59410599,148.05932899,3067.0,3067.0,123.616
2,2014-01-01T03:52:00Z,-33.59339599,148.05943199,3072.0,3072.0,123.682
2,2014-01-01T03:52:05Z,-33.59341400,148.05902699,3077.0,3077.0,123.697
2,2014-01-01T03:52:10Z,-33.59387600,148.05941100,3082.0,3082.0,123.635
2,2014-01-01T03:52:15Z,-33.59411000,148.06026800,3087.0,3087.0,123.576
2,2014-01-01T03:52:20Z,-33.59406700,148.06127299,3092.0,3092.0,123.537
2,2014-01-01T03:52:25Z,-33.59358600,148.06224000,3097.0,3097.0,123.543
2,2014-01-01T03:52:30Z,-33.59294700,148.06307000,3102.0,3102.0,123.571
2,2014-01-01T03:52:35Z,-33.59231100,148.06391199,3107.0,3107.0,123.599
2,2014-01-01T03:52:40Z,-33.59156899,148.06460300,3112.0,3112.0,123.643
2,2014-01-01T03:52:45Z,-33.59080000,148.06473099,3117.0,3117.0,123.714
2,2014-01-01T03:52:50Z,-33.59021599,148.06447299,3122.0,3122.0,123.782
2,2014-01-01T03:52:55Z,-33.59020300,148.06397699,3127.0,3127.0,123.804
2,2014-01-01T03:53:00Z,-33.59073200,148.06383400,3132.0,3132.0,123.758
2,2014-01-01T03:53:05Z,-33.59136199,148.06415100,3137.0,3137.0,123.682
2,2014-01-01T03:53:10Z,-33.59198099,148.06447600,3142.0,3142.0,123.607
2,2014-01-01T03:53:15Z,-33.59244600,148.06451300,3147.0,3147.0,123.56
2,2014-01-01T03:53:20Z,-33.59285700,148.06439499,3152.0,3152.0,123.524
2,2014-01-01T03:53:25Z,-33.59334199,148.06455800,3157.0,3157.0,123.469
2,2014-01-01T03:53:30Z,-33.59379400,148.06518800,3162.0,3162.0,123.398
2,2014-01-01T03:53:35Z,-33.59431000,148.06560899,3167.0,3167.0,123.329
2,2014-01-01T03:53:40Z,-33.59487200,148.06560200,3172.0,3172.0,123.274
2,2014-01-01T03:53:45Z,-33.59543500,148.06545900,3177.0,3177.0,123.224
2,2014-01-01T03:53:50Z,-33.59599000,148.06549699,3182.0,3182.0,123.168
2,2014-01-01T03:53:55Z,-33.59656199,148.06561300,3187.0,3187.0,123.106
2,2014-01-01T03:54:00Z,-33.59712300,148.06567000,3192.0,3192.0,123.048
2,2014-01-01T03:54:05Z,-33.59769299,148.06551899,3197.0,3197.0,122.998
2,2014-01-01T03:54:10Z,-33.59834699,148.06579500,3202.0,3202.0,122.922
2,2014-01-01T03:54:15Z,-33.59905700,148.06620000,3207.0,3207.0,122.835
2,2014-01-01T03:54:20Z,-33.59974199,148.06626800,3212.0,3212.0,122.764
2,2014-01-01T03:54:25Z,-33.60037499,148.06639599,3217.0,3217.0,122.696
2,2014-01-01T03:54:30Z,-33.60102700,148.06659300,3222.0,3222.0,122.623
2,2014-01-01T03:54:35Z,-33.60166999,148.06694799,3227.0,3227.0,122.545
2,2014-01-01T03:54:40Z,-33.60236799,148.06754000,3232.0,3232.0,122.45
2,2014-01-01T03:54:45Z,-33.60282999,148.06850600,3237.0,3237.0,122.364
2,2014-01-01T03:54:50Z,-33.60290200,148.06959599,3242.0,3242.0,122.31
2,2014-01-01T03:54:55Z,-33.60224900,148.07033000,3247.0,3247.0,122.344
2,2014-01-01T03:55:00Z,-33.60158400,148.07009500,3252.0,3252.0,122.42
2,2014-01-01T03:55:05Z,-33.60143500,148.06942100,3257.0,3257.0,122.463
2,2014-01-01T03:55:10Z,-33.60139999,148.06864100,3262.0,3262.0,122.499
2,2014-01-01T03:55:15Z,-33.60130600,148.06787299,3267.0,3267.0,122.541
2,2014-01-01T03:55:20Z,-33.60100099,148.06719000,3272.0,3272.0,122.6
2,2014-01-01T03:55:25Z,-33.60060500,148.06647000,3277.0,3277.0,122.67
2,2014-01-01T03:55:30Z,-33.60025399,148.06584699,3282.0,3282.0,122.731
2,2014-01-01T03:55:35Z,-33.60004399,148.06540300,3287.0,3287.0,122.771
2,2014-01-01T03:55:40Z,-33.60041300,148.06527900,3292.0,3292.0,122.74
2,2014-01-01T03:55:45Z,-33.60042099,148.06619299,3297.0,3297.0,122.7
2,2014-01-01T03:55:50Z,-33.59975000,148.06635299,3302.0,3302.0,122.76
2,2014-01-01T03:55:55Z,-33.59995299,148.06615199,3307.0,3307.0,122.748
2,2014-01-01T03:56:00Z,-33.60018900,148.06712600,3312.0,3312.0,122.683
2,2014-01-01T03:56:05Z,-33.59955500,148.06779499,3317.0,3317.0,122.718
2,2014-01-01T03:56:10Z,-33.59924099,148.06753499,3322.0,3322.0,122.76
2,2014-01-01T03:56:15Z,-33.59971500,148.06751800,3327.0,3327.0,122.714
2,2014-01-01T03:56:20Z,-33.59988899,148.06855400,3332.0,3332.0,122.653
2,2014-01-01T03:56:25Z,-33.59926800,148.06895399,3337.0,3337.0,122.697
2,2014-01-01T03:56:30Z,-33.59928200,148.06858500,3342.0,3342.0,122.711
2,2014-01-01T03:56:35Z,-33.59983900,148.06913000,3347.0,3347.0,122.633
2,2014-01-01T03:56:40Z,-33.59947199,148.07007400,3352.0,3352.0,122.63
2,2014-01-01T03:56:45Z,-33.59901200,148.06992199,3357.0,3357.0,122.682
2,2014-01-01T03:56:50Z,-33.59942399,148.06985800,3362.0,3362.0,122.644
2,2014-01-01T03:56:55Z,-33.59963599,148.07084900,3367.0,3367.0,122.581
2,2014-01-01T03:57:00Z,-33.59900100,148.07139200,3372.0,3372.0,122.621
2,2014-01-01T03:57:05Z,-33.59883500,148.07098600,3377.0,3377.0,122.655
2,2014-01-01T03:57:10Z,-33.59931999,148.07087400,3382.0,3382.0,122.611
2,2014-01-01T03:57:15Z,-33.59967799,148.07168599,3387.0,3387.0,122.542
2,2014-01-01T03:57:20Z,-33.59906000,148.07231500,3392.0,3392.0,122.577
2,2014-01-01T03:57:25Z,-33.59866999,148.07194799,3397.0,3397.0,122.631
2,2014-01-01T03:57:30Z,-33.59906300,148.07175599,3402.0,3402.0,122.6
2,2014-01-01T03:57:35Z,-33.59957200,148.07250199,3407.0,3407.0,122.518
2,2014-01-01T03:57:40Z,-33.59917599,148.07343299,3412.0,3412.0,122.519
2,2014-01-01T03:57:45Z,-33.59857999,148.07329300,3417.0,3417.0,122.584
2,2014-01-01T03:57:50Z,-33.59870300,148.07292799,3422.0,3422.0,122.587
2,2014-01-01T03:57:55Z,-33.59924600,148.07342299,3427.0,3427.0,122.512
2,2014-01-01T03:58:00Z,-33.59913300,148.07441299,3432.0,3432.0,122.482
2,2014-01-01T03:58:05Z,-33.59846199,148.07447899,3437.0,3437.0,122.546
2,2014-01-01T03:58:10Z,-33.59850000,148.07408300,3442.0,3442.0,122.559
2,2014-01-01T03:58:15Z,-33.59910399,148.07430199,3447.0,3447.0,122.49
2,2014-01-01T03:58:20Z,-33.59944999,148.07517599,3452.0,3452.0,122.419
2,2014-01-01T03:58:25Z,-33.59911499,148.07607100,3457.0,3457.0,122.415
2,2014-01-01T03:58:30Z,-33.59850099,148.07611399,3462.0,3462.0,122.474
2,2014-01-01T03:58:35Z,-33.59832899,148.07564400,3467.0,3467.0,122.511
2,2014-01-01T03:58:40Z,-33.59861800,148.07521499,3472.0,3472.0,122.5
2,2014-01-01T03:58:45Z,-33.59923100,148.07528099,3477.0,3477.0,122.436
2,2014-01-01T03:58:50Z,-33.59940699,148.07611399,3482.0,3482.0,122.384
2,2014-01-01T03:58:55Z,-33.59873900,148.07658599,3487.0,3487.0,122.431
2,2014-01-01T03:59:00Z,-33.59837199,148.07609099,3492.0,3492.0,122.488
2,2014-01-01T03:59:05Z,-33.59857099,148.07563300,3497.0,3497.0,122.487
2,2014-01-01T03:59:10Z,-33.59906200,148.07607100,3502.0,3502.0,122.42
2,2014-01-01T03:59:15Z,-33.59877000,148.07696500,3507.0,3507.0,122.413
2,2014-01-01T03:59:20Z,-33.59822199,148.07678300,3512.0,3512.0,122.475
2,2014-01-01T03:59:25Z,-33.59834599,148.07627299,3517.0,3517.0,122.483
2,2014-01-01T03:59:30Z,-33.59855300,148.07586499,3522.0,3522.0,122.48
2,2014-01-01T03:59:35Z,-33.59888800,148.07559800,3527.0,3527.0,122.457
2,2014-01-01T03:59:40Z,-33.59945299,148.07617799,3532.0,3532.0,122.377
2,2014-01-01T03:59:45Z,-33.59987100,148.07691600,3537.0,3537.0,122.305
2,2014-01-01T03:59:50Z,-33.60040000,148.07743199,3542.0,3542.0,122.231
2,2014-01-01T03:59:55Z,-33.60100099,148.07750799,3547.0,3547.0,122.168
2,2014-01-01T04:00:00Z,-33.60169100,148.07745600,3552.0,3552.0,122.102
2,2014-01-01T04:00:05Z,-33.60241500,148.07789199,3557.0,3557.0,122.011
2,2014-01-01T04:00:10Z,-33.60318300,148.07825700,3562.0,3562.0,121.92
2,2014-01-01T04:00:15Z,-33.60397600,148.07861299,3567.0,3567.0,121.826
2,2014-01-01T04:00:20Z,-33.60477999,148.07899699,3572.0,3572.0,121.73
2,2014-01-01T04:00:25Z,-33.60554400,148.07924800,3577.0,3577.0,121.644
2,2014-01-01T04:00:30Z,-33.60631800,148.07963300,3582.0,3582.0,121.551
2,2014-01-01T04:00:35Z,-33.60705099,148.08004700,3587.0,3587.0,121.461
2,2014-01-01T04:00:40Z,-33.60777999,148.08053799,3592.0,3592.0,121.368
2,2014-01-01T04:00:45Z,-33.60846699,148.08120099,3597.0,3597.0,121.273
2,2014-01-01T04:00:50Z,-33.60916699,148.08192299,3602.0,3602.0,121.173
2,2014-01-01T04:00:55Z,-33.60996000,148.08232799,3607.0,3607.0,121.077
2,2014-01-01T04:01:00Z,-33.61067299,148.08254900,3612.0,3612.0,120.997
2,2014-01-01T04:01:05Z,-33.61145799,148.08292299,3617.0,3617.0,120.904
2,2014-01-01T04:01:10Z,-33.61228200,148.08312799,3622.0,3622.0,120.813
2,2014-01-01T04:01:15Z,-33.61303900,148.08335600,3627.0,3627.0,120.729
2,2014-01-01T04:01:20Z,-33.61388399,148.08361999,3632.0,3632.0,120.634
2,2014-01-01T04:01:25Z,-33.61469999,148.08381199,3637.0,3637.0,120.545
2,2014-01-01T04:01:30Z,-33.61548400,148.08394300,3642.0,3642.0,120.461
2,2014-01-01T04:01:35Z,-33.61627000,148.08399099,3647.0,3647.0,120.381
2,2014-01-01T04:01:40Z,-33.61709299,148.08399900,3652.0,3652.0,120.299
2,2014-01-01T04:01:45Z,-33.61783599,148.08394899,3657.0,3657.0,120.227
2,2014-01-01T04:01:50Z,-33.61854100,148.08387200,3662.0,3662.0,120.161
2,2014-01-01T04:01:55Z,-33.61924799,148.08397800,3667.0,3667.0,120.086
2,2014-01-01T04:02:00Z,-33.62000900,148.08401799,3672.0,3672.0,120.009
2,2014-01-01T04:02:05Z,-33.62069400,148.08403200,3677.0,3677.0,119.94
2,2014-01-01T04:02:10Z,-33.62137400,148.08408199,3682.0,3682.0,119.871
2,2014-01-01T04:02:15Z,-33.62199100,148.08404799,3687.0,3687.0,119.811
2,2014-01-01T04:02:20Z,-33.62260700,148.08405300,3692.0,3692.0,119.75
2,2014-01-01T04:02:25Z,-33.62326199,148.08412999,3697.0,3697.0,119.682
2,2014-01-01T04:02:30Z,-33.62391600,148.08419299,3702.0,3702.0,119.614
2,2014-01-01T04:02:35Z,-33.62460399,148.08430699,3707.0,3707.0,119.542
2,2014-01-01T04:02:40Z,-33.62525500,148.08434399,3712.0,3712.0,119.476
2,2014-01-01T04:02:45Z,-33.62586799,148.08417900,3717.0,3717.0,119.422
2,2014-01-01T04:02:50Z,-33.62645299,148.08409599,3722.0,3722.0,119.368
2,2014-01-01T04:02:55Z,-33.62707199,148.08410699,3727.0,3727.0,119.306
2,2014-01-01T04:03:00Z,-33.62775299,148.08412200,3732.0,3732.0,119.238
2,2014-01-01T04:03:05Z,-33.62839799,148.08411399,3737.0,3737.0,119.175
2,2014-01-01T04:03:10Z,-33.62902299,148.08409800,3742.0,3742.0,119.113
2,2014-01-01T04:03:15Z,-33.62963599,148.08407700,3747.0,3747.0,119.054
2,2014-01-01T04:03:20Z,-33.63029000,148.08403100,3752.0,3752.0,118.991
2,2014-01-01T04:03:25Z,-33.63090100,148.08385200,3757.0,3757.0,118.939
2,2014-01-01T04:03:30Z,-33.63151799,148.08363800,3762.0,3762.0,118.887
2,2014-01-01T04:03:35Z,-33.63215600,148.08351400,3767.0,3767.0,118.829
2,2014-01-01T04:03:40Z,-33.63288599,148.08355399,3772.0,3772.0,118.756
2,2014-01-01T04:03:45Z,-33.63355899,148.08358499,3777.0,3777.0,118.688
2,2014-01-01T04:03:50Z,-33.63426700,148.08348799,3782.0,3782.0,118.622
2,2014-01-01T04:03:55Z,-33.63503500,148.08339699,3787.0,3787.0,118.551
2,2014-01-01T04:04:00Z,-33.63568999,148.08341899,3792.0,3792.0,118.485
2,2014-01-01T04:04:05Z,-33.63642399,148.08334899,3797.0,3797.0,118.416
2,2014-01-01T04:04:10Z,-33.63711099,148.08318199,3802.0,3802.0,118.356
2,2014-01-01T04:04:15Z,-33.63777400,148.08301099,3807.0,3807.0,118.298
2,2014-01-01T04:04:20Z,-33.63850500,148.08303399,3812.0,3812.0,118.225
2,2014-01-01T04:04:25Z,-33.63930200,148.08315099,3817.0,3817.0,118.142
2,2014-01-01T04:04:30Z,-33.64000200,148.08328599,3822.0,3822.0,118.067
2,2014-01-01T04:04:35Z,-33.64076200,148.08334500,3827.0,3827.0,117.99
2,2014-01-01T04:04:40Z,-33.64155199,148.08322599,3832.0,3832.0,117.918
2,2014-01-01T04:04:45Z,-33.64241599,148.08301700,3837.0,3837.0,117.842
2,2014-01-01T04:04:50Z,-33.64308400,148.08265399,3842.0,3842.0,117.792
2,2014-01-01T04:04:55Z,-33.64368199,148.08230499,3847.0,3847.0,117.749
2,2014-01-01T04:05:00Z,-33.64438799,148.08211900,3852.0,3852.0,117.688
2,2014-01-01T04:05:05Z,-33.64494299,148.08200700,3857.0,3857.0,117.639
2,2014-01-01T04:05:10Z,-33.64558799,148.08159599,3862.0,3862.0,117.594
2,2014-01-01T04:05:15Z,-33.64627300,148.08131399,3867.0,3867.0,117.539
2,2014-01-01T04:05:20Z,-33.64701999,148.08126300,3872.0,3872.0,117.469
2,2014-01-01T04:05:25Z,-33.64776499,148.08140299,3877.0,3877.0,117.39
2,2014-01-01T04:05:30Z,-33.64852499,148.08153500,3882.0,3882.0,117.31
2,2014-01-01T04:05:35Z,-33.64926499,148.08155400,3887.0,3887.0,117.237
2,2014-01-01T04:05:40Z,-33.65001800,148.08171799,3892.0,3892.0,117.156
2,2014-01-01T04:05:45Z,-33.65073300,148.08187399,3897.0,3897.0,117.079
2,2014-01-01T04:05:50Z,-33.65144200,148.08175199,3902.0,3902.0,117.015
2,2014-01-01T04:05:55Z,-33.65217100,148.08161799,3907.0,3907.0,116.95
2,2014-01-01T04:06:00Z,-33.65281000,148.08152499,3912.0,3912.0,116.892
2,2014-01-01T04:06:05Z,-33.65349499,148.08154799,3917.0,3917.0,116.824
2,2014-01-01T04:06:10Z,-33.65422900,148.08155199,3922.0,3922.0,116.753
2,2014-01-01T04:06:15Z,-33.65489099,148.08142900,3927.0,3927.0,116.694
2,2014-01-01T04:06:20Z,-33.65546799,148.08113099,3932.0,3932.0,116.651
2,2014-01-01T04:06:25Z,-33.65601600,148.08076099,3937.0,3937.0,116.615
2,2014-01-01T04:06:30Z,-33.65659800,148.08047799,3942.0,3942.0,116.571
2,2014-01-01T04:06:35Z,-33.65714700,148.08012500,3947.0,3947.0,116.533
2,2014-01-01T04:06:40Z,-33.65752599,148.07950199,3952.0,3952.0,116.525
2,2014-01-01T04:06:45Z,-33.65790199,148.07895800,3957.0,3957.0,116.513
2,2014-01-01T04:06:50Z,-33.65838099,148.07844499,3962.0,3962.0,116.49
2,2014-01-01T04:06:55Z,-33.65892900,148.07807199,3967.0,3967.0,116.454
2,2014-01-01T04:07:00Z,-33.65938799,148.07761800,3972.0,3972.0,116.43
2,2014-01-01T04:07:05Z,-33.65977399,148.07715400,3977.0,3977.0,116.414
2,2014-01-01T04:07:10Z,-33.66038100,148.07686499,3982.0,3982.0,116.369
2,2014-01-01T04:07:15Z,-33.66096600,148.07647600,3987.0,3987.0,116.33
2,2014-01-01T04:07:20Z,-33.66106700,148.07587799,3992.0,3992.0,116.348
2,2014-01-01T04:07:25Z,-33.66144800,148.07526599,3997.0,3997.0,116.339
2,2014-01-01T04:07:35Z,-33.66246300,148.07464400,4007.0,4007.0,116.27
2,2014-01-01T04:07:40Z,-33.66308000,148.07447199,4012.0,4012.0,116.219
2,2014-01-01T04:07:45Z,-33.66367999,148.07426599,4017.0,4017.0,116.17
2,2014-01-01T04:07:50Z,-33.66438099,148.07425900,4022.0,4022.0,116.103
2,2014-01-01T04:07:55Z,-33.66498399,148.07422399,4027.0,4027.0,116.047
2,2014-01-01T04:08:00Z,-33.66566300,148.07415800,4032.0,4032.0,115.985
2,2014-01-01T04:08:05Z,-33.66639299,148.07399799,4037.0,4037.0,115.922
2,2014-01-01T04:08:10Z,-33.66710299,148.07385099,4042.0,4042.0,115.861
2,2014-01-01T04:08:15Z,-33.66783199,148.07386199,4047.0,4047.0,115.79
2,2014-01-01T04:08:20Z,-33.66853600,148.07384600,4052.0,4052.0,115.724
2,2014-01-01T04:08:25Z,-33.66918199,148.07347799,4057.0,4057.0,115.679
2,2014-01-01T04:08:30Z,-33.66972200,148.07298800,4062.0,4062.0,115.65
2,2014-01-01T04:08:35Z,-33.67029600,148.07265899,4067.0,4067.0,115.611
2,2014-01-01T04:08:40Z,-33.67090699,148.07244199,4072.0,4072.0,115.563
2,2014-01-01T04:08:45Z,-33.67157100,148.07230200,4077.0,4077.0,115.506
2,2014-01-01T04:08:50Z,-33.67218299,148.07207399,4082.0,4082.0,115.458
2,2014-01-01T04:08:55Z,-33.67277500,148.07181600,4087.0,4087.0,115.414
2,2014-01-01T04:09:00Z,-33.67338500,148.07162199,4092.0,4092.0,115.365
2,2014-01-01T04:09:05Z,-33.67400299,148.07144299,4097.0,4097.0,115.314
2,2014-01-01T04:09:10Z,-33.67469200,148.07173099,4102.0,4102.0,115.235
2,2014-01-01T04:09:15Z,-33.67524099,148.07260500,4107.0,4107.0,115.141
2,2014-01-01T04:09:20Z,-33.67559200,148.07368900,4112.0,4112.0,115.056
2,2014-01-01T04:09:25Z,-33.67594900,148.07472400,4117.0,4117.0,114.973
2,2014-01-01T04:09:30Z,-33.67645399,148.07567000,4122.0,4122.0,114.88
2,2014-01-01T04:09:35Z,-33.67713100,148.07641200,4127.0,4127.0,114.78
2,2014-01-01T04:09:40Z,-33.67793400,148.07681999,4132.0,4132.0,114.684
2,2014-01-01T04:09:45Z,-33.67866800,148.07724500,4137.0,4137.0,114.594
2,2014-01-01T04:09:50Z,-33.67931999,148.07780099,4142.0,4142.0,114.505
2,2014-01-01T04:09:55Z,-33.67995899,148.07843500,4147.0,4147.0,114.414
2,2014-01-01T04:10:00Z,-33.68047200,148.07918000,4152.0,4152.0,114.33
2,2014-01-01T04:10:05Z,-33.68095999,148.08001200,4157.0,4157.0,114.244
2,2014-01-01T04:10:10Z,-33.68161500,148.08070799,4162.0,4162.0,114.148
2,2014-01-01T04:10:15Z,-33.68226899,148.08162999,4167.0,4167.0,114.042
2,2014-01-01T04:10:20Z,-33.68298699,148.08226700,4172.0,4172.0,113.944
2,2014-01-01T04:10:25Z,-33.68363099,148.08277599,4177.0,4177.0,113.858
2,2014-01-01T04:10:30Z,-33.68385399,148.08375399,4182.0,4182.0,113.791
2,2014-01-01T04:10:35Z,-33.68361900,148.08464699,4187.0,4187.0,113.771
2,2014-01-01T04:10:40Z,-33.68307099,148.08518300,4192.0,4192.0,113.799
2,2014-01-01T04:10:45Z,-33.68258399,148.08560199,4197.0,4197.0,113.826
2,2014-01-01T04:10:50Z,-33.68207999,148.08571499,4202.0,4202.0,113.869
2,2014-01-01T04:10:55Z,-33.68156599,148.08582599,4207.0,4207.0,113.913
2,2014-01-01T04:11:00Z,-33.68095199,148.08598000,4212.0,4212.0,113.965
2,2014-01-01T04:11:05Z,-33.68041099,148.08620899,4217.0,4217.0,114.007
2,2014-01-01T04:11:10Z,-33.67988199,148.08645000,4222.0,4222.0,114.046
2,2014-01-01T04:11:15Z,-33.67947099,148.08639500,4227.0,4227.0,114.089
2,2014-01-01T04:11:20Z,-33.67896199,148.08648199,4232.0,4232.0,114.134
2,2014-01-01T04:11:25Z,-33.67848999,148.08674300,4237.0,4237.0,114.167
2,2014-01-01T04:11:30Z,-33.67800100,148.08707400,4242.0,4242.0,114.199
2,2014-01-01T04:11:35Z,-33.67749899,148.08734699,4247.0,4247.0,114.235
2,2014-01-01T04:11:40Z,-33.67693700,148.08750900,4252.0,4252.0,114.282
2,2014-01-01T04:11:45Z,-33.67638300,148.08755099,4257.0,4257.0,114.333
2,2014-01-01T04:11:50Z,-33.67584999,148.08752899,4262.0,4262.0,114.386
2,2014-01-01T04:11:55Z,-33.67528699,148.08755099,4267.0,4267.0,114.439
2,2014-01-01T04:12:00Z,-33.67498599,148.08726100,4272.0,4272.0,114.481
2,2014-01-01T04:12:05Z,-33.67542499,148.08680200,4277.0,4277.0,114.46
2,2014-01-01T04:12:10Z,-33.67596900,148.08644799,4282.0,4282.0,114.424
2,2014-01-01T04:12:15Z,-33.67640800,148.08593899,4287.0,4287.0,114.405
2,2014-01-01T04:12:20Z,-33.67692900,148.08547400,4292.0,4292.0,114.376
2,2014-01-01T04:12:25Z,-33.67716599,148.08490299,4297.0,4297.0,114.38
2,2014-01-01T04:12:30Z,-33.67708100,148.08447100,4302.0,4302.0,114.408
2,2014-01-01T04:12:35Z,-33.67708499,148.08447699,4307.0,4307.0,114.407
